Fecha,Region,Producto,Ventas,Costos
2023-01-01,Norte,A,214,38
2023-01-01,Norte,B,92,127
2023-01-01,Norte,C,321,110
2023-01-01,Norte,D,340,146
2023-01-01,Sur,A,358,124
2023-01-01,Sur,B,463,43
2023-01-01,Sur,C,453,148
2023-01-01,Sur,D,275,275
2023-01-01,Este,A,458,225
2023-01-01,Este,B,380,67
2023-01-01,Este,C,493,101
2023-01-01,Este,D,244,64
2023-01-01,Oeste,A,177,159
2023-01-01,Oeste,B,471,34
2023-01-01,Oeste,C,243,269
2023-01-01,Oeste,D,107,122
2023-01-02,Norte,A,480,68
2023-01-02,Norte,B,387,113
2023-01-02,Norte,C,314,194
2023-01-02,Norte,D,492,89
2023-01-02,Sur,A,258,33
2023-01-02,Sur,B,427,120
2023-01-02,Sur,C,290,84
2023-01-02,Sur,D,162,45
2023-01-02,Este,A,474,20
2023-01-02,Este,B,477,21
2023-01-02,Este,C,70,198
2023-01-02,Este,D,385,255
2023-01-02,Oeste,A,85,294
2023-01-02,Oeste,B,483,289
2023-01-02,Oeste,C,310,73
2023-01-02,Oeste,D,487,135
2023-01-03,Norte,A,329,280
2023-01-03,Norte,B,124,153
2023-01-03,Norte,C,305,129
2023-01-03,Norte,D,157,226
2023-01-03,Sur,A,131,32
2023-01-03,Sur,B,143,299
2023-01-03,Sur,C,314,56
2023-01-03,Sur,D,338,65
2023-01-03,Este,A,217,28
2023-01-03,Este,B,61,264
2023-01-03,Este,C,78,176
2023-01-03,Este,D,300,144
2023-01-03,Oeste,A,439,191
2023-01-03,Oeste,B,102,147
2023-01-03,Oeste,C,91,200
2023-01-03,Oeste,D,294,243
2023-01-04,Norte,A,165,105
2023-01-04,Norte,B,249,79
2023-01-04,Norte,C,395,200
2023-01-04,Norte,D,265,137
2023-01-04,Sur,A,314,254
2023-01-04,Sur,B,166,269
2023-01-04,Sur,C,474,294
2023-01-04,Sur,D,414,24
2023-01-04,Este,A,80,294
2023-01-04,Este,B,410,221
2023-01-04,Este,C,371,185
2023-01-04,Este,D,145,232
2023-01-04,Oeste,A,477,132
2023-01-04,Oeste,B,88,207
2023-01-04,Oeste,C,217,21
2023-01-04,Oeste,D,319,239
2023-01-05,Norte,A,140,87
2023-01-05,Norte,B,445,108
2023-01-05,Norte,C,411,194
2023-01-05,Norte,D,405,22
2023-01-05,Sur,A,260,219
2023-01-05,Sur,B,179,245
2023-01-05,Sur,C,289,271
2023-01-05,Sur,D,320,168
2023-01-05,Este,A,417,150
2023-01-05,Este,B,202,196
2023-01-05,Este,C,174,224
2023-01-05,Este,D,257,164
2023-01-05,Oeste,A,432,292
2023-01-05,Oeste,B,84,180
2023-01-05,Oeste,C,329,120
2023-01-05,Oeste,D,317,111
2023-01-06,Norte,A,376,90
2023-01-06,Norte,B,398,76
2023-01-06,Norte,C,225,136
2023-01-06,Norte,D,90,205
2023-01-06,Sur,A,232,164
2023-01-06,Sur,B,390,38
2023-01-06,Sur,C,478,99
2023-01-06,Sur,D,333,105
2023-01-06,Este,A,312,60
2023-01-06,Este,B,357,100
2023-01-06,Este,C,253,178
2023-01-06,Este,D,308,170
2023-01-06,Oeste,A,243,284
2023-01-06,Oeste,B,63,51
2023-01-06,Oeste,C,407,82
2023-01-06,Oeste,D,449,168
2023-01-07,Norte,A,108,55
2023-01-07,Norte,B,346,59
2023-01-07,Norte,C,212,50
2023-01-07,Norte,D,309,154
2023-01-07,Sur,A,422,144
2023-01-07,Sur,B,226,75
2023-01-07,Sur,C,50,295
2023-01-07,Sur,D,275,298
2023-01-07,Este,A,292,25
2023-01-07,Este,B,58,42
2023-01-07,Este,C,424,64
2023-01-07,Este,D,78,255
2023-01-07,Oeste,A,222,290
2023-01-07,Oeste,B,163,257
2023-01-07,Oeste,C,368,173
2023-01-07,Oeste,D,470,146
2023-01-08,Norte,A,100,296
2023-01-08,Norte,B,337,59
2023-01-08,Norte,C,421,201
2023-01-08,Norte,D,496,248
2023-01-08,Sur,A,196,104
2023-01-08,Sur,B,341,230
2023-01-08,Sur,C,323,31
2023-01-08,Sur,D,457,142
2023-01-08,Este,A,200,189
2023-01-08,Este,B,218,135
2023-01-08,Este,C,309,259
2023-01-08,Este,D,409,228
2023-01-08,Oeste,A,234,62
2023-01-08,Oeste,B,265,63
2023-01-08,Oeste,C,444,51
2023-01-08,Oeste,D,404,88
2023-01-09,Norte,A,399,234
2023-01-09,Norte,B,444,171
2023-01-09,Norte,C,158,156
2023-01-09,Norte,D,470,176
2023-01-09,Sur,A,425,229
2023-01-09,Sur,B,180,211
2023-01-09,Sur,C,426,234
2023-01-09,Sur,D,381,296
2023-01-09,Este,A,336,124
2023-01-09,Este,B,292,88
2023-01-09,Este,C,217,290
2023-01-09,Este,D,355,150
2023-01-09,Oeste,A,312,257
2023-01-09,Oeste,B,248,59
2023-01-09,Oeste,C,299,167
2023-01-09,Oeste,D,354,180
2023-01-10,Norte,A,419,224
2023-01-10,Norte,B,490,245
2023-01-10,Norte,C,456,122
2023-01-10,Norte,D,315,190
2023-01-10,Sur,A,250,74
2023-01-10,Sur,B,61,97
2023-01-10,Sur,C,63,162
2023-01-10,Sur,D,331,131
2023-01-10,Este,A,189,64
2023-01-10,Este,B,182,274
2023-01-10,Este,C,75,280
2023-01-10,Este,D,157,193
2023-01-10,Oeste,A,198,40
2023-01-10,Oeste,B,147,97
2023-01-10,Oeste,C,213,285
2023-01-10,Oeste,D,232,59
2023-01-11,Norte,A,385,112
2023-01-11,Norte,B,436,89
2023-01-11,Norte,C,104,133
2023-01-11,Norte,D,355,166
2023-01-11,Sur,A,80,165
2023-01-11,Sur,B,191,76
2023-01-11,Sur,C,391,117
2023-01-11,Sur,D,87,297
2023-01-11,Este,A,283,280
2023-01-11,Este,B,424,77
2023-01-11,Este,C,165,246
2023-01-11,Este,D,140,40
2023-01-11,Oeste,A,160,240
2023-01-11,Oeste,B,108,168
2023-01-11,Oeste,C,381,204
2023-01-11,Oeste,D,485,268
2023-01-12,Norte,A,354,110
2023-01-12,Norte,B,420,168
2023-01-12,Norte,C,259,199
2023-01-12,Norte,D,386,111
2023-01-12,Sur,A,181,80
2023-01-12,Sur,B,494,33
2023-01-12,Sur,C,309,79
2023-01-12,Sur,D,418,239
2023-01-12,Este,A,434,173
2023-01-12,Este,B,236,73
2023-01-12,Este,C,138,284
2023-01-12,Este,D,415,180
2023-01-12,Oeste,A,406,190
2023-01-12,Oeste,B,475,31
2023-01-12,Oeste,C,337,167
2023-01-12,Oeste,D,429,104
2023-01-13,Norte,A,269,27
2023-01-13,Norte,B,214,235
2023-01-13,Norte,C,377,28
2023-01-13,Norte,D,451,66
2023-01-13,Sur,A,307,177
2023-01-13,Sur,B,268,212
2023-01-13,Sur,C,74,51
2023-01-13,Sur,D,135,116
2023-01-13,Este,A,374,152
2023-01-13,Este,B,55,143
2023-01-13,Este,C,359,212
2023-01-13,Este,D,488,177
2023-01-13,Oeste,A,94,221
2023-01-13,Oeste,B,433,211
2023-01-13,Oeste,C,272,263
2023-01-13,Oeste,D,450,59
2023-01-14,Norte,A,257,193
2023-01-14,Norte,B,59,45
2023-01-14,Norte,C,95,274
2023-01-14,Norte,D,427,137
2023-01-14,Sur,A,68,215
2023-01-14,Sur,B,278,61
2023-01-14,Sur,C,236,225
2023-01-14,Sur,D,309,293
2023-01-14,Este,A,469,237
2023-01-14,Este,B,258,57
2023-01-14,Este,C,109,111
2023-01-14,Este,D,473,41
2023-01-14,Oeste,A,460,75
2023-01-14,Oeste,B,200,193
2023-01-14,Oeste,C,284,235
2023-01-14,Oeste,D,112,174
2023-01-15,Norte,A,57,106
2023-01-15,Norte,B,367,229
2023-01-15,Norte,C,316,31
2023-01-15,Norte,D,489,22
2023-01-15,Sur,A,59,211
2023-01-15,Sur,B,222,135
2023-01-15,Sur,C,203,112
2023-01-15,Sur,D,481,73
2023-01-15,Este,A,226,178
2023-01-15,Este,B,207,245
2023-01-15,Este,C,147,132
2023-01-15,Este,D,443,232
2023-01-15,Oeste,A,57,86
2023-01-15,Oeste,B,492,149
2023-01-15,Oeste,C,158,107
2023-01-15,Oeste,D,454,299
2023-01-16,Norte,A,300,64
2023-01-16,Norte,B,348,141
2023-01-16,Norte,C,458,51
2023-01-16,Norte,D,358,121
2023-01-16,Sur,A,460,55
2023-01-16,Sur,B,174,179
2023-01-16,Sur,C,440,218
2023-01-16,Sur,D,72,201
2023-01-16,Este,A,499,163
2023-01-16,Este,B,392,80
2023-01-16,Este,C,310,48
2023-01-16,Este,D,135,67
2023-01-16,Oeste,A,483,220
2023-01-16,Oeste,B,242,254
2023-01-16,Oeste,C,339,115
2023-01-16,Oeste,D,465,177
2023-01-17,Norte,A,240,167
2023-01-17,Norte,B,211,87
2023-01-17,Norte,C,265,72
2023-01-17,Norte,D,111,58
2023-01-17,Sur,A,438,49
2023-01-17,Sur,B,333,297
2023-01-17,Sur,C,306,74
2023-01-17,Sur,D,463,172
2023-01-17,Este,A,139,35
2023-01-17,Este,B,127,69
2023-01-17,Este,C,420,281
2023-01-17,Este,D,418,207
2023-01-17,Oeste,A,454,77
2023-01-17,Oeste,B,490,141
2023-01-17,Oeste,C,156,199
2023-01-17,Oeste,D,302,226
2023-01-18,Norte,A,54,223
2023-01-18,Norte,B,176,21
2023-01-18,Norte,C,385,292
2023-01-18,Norte,D,349,57
2023-01-18,Sur,A,362,63
2023-01-18,Sur,B,418,122
2023-01-18,Sur,C,438,240
2023-01-18,Sur,D,401,159
2023-01-18,Este,A,482,42
2023-01-18,Este,B,438,90
2023-01-18,Este,C,87,228
2023-01-18,Este,D,250,277
2023-01-18,Oeste,A,62,123
2023-01-18,Oeste,B,289,235
2023-01-18,Oeste,C,192,74
2023-01-18,Oeste,D,461,167
2023-01-19,Norte,A,251,88
2023-01-19,Norte,B,149,243
2023-01-19,Norte,C,207,228
2023-01-19,Norte,D,299,81
2023-01-19,Sur,A,436,279
2023-01-19,Sur,B,252,43
2023-01-19,Sur,C,135,98
2023-01-19,Sur,D,487,113
2023-01-19,Este,A,118,134
2023-01-19,Este,B,298,156
2023-01-19,Este,C,257,201
2023-01-19,Este,D,227,166
2023-01-19,Oeste,A,408,242
2023-01-19,Oeste,B,149,132
2023-01-19,Oeste,C,227,221
2023-01-19,Oeste,D,100,43
2023-01-20,Norte,A,438,85
2023-01-20,Norte,B,306,91
2023-01-20,Norte,C,429,25
2023-01-20,Norte,D,339,222
2023-01-20,Sur,A,388,230
2023-01-20,Sur,B,69,285
2023-01-20,Sur,C,220,134
2023-01-20,Sur,D,126,248
2023-01-20,Este,A,382,44
2023-01-20,Este,B,473,261
2023-01-20,Este,C,221,246
2023-01-20,Este,D,222,282
2023-01-20,Oeste,A,484,41
2023-01-20,Oeste,B,115,36
2023-01-20,Oeste,C,188,257
2023-01-20,Oeste,D,479,290
2023-01-21,Norte,A,282,76
2023-01-21,Norte,B,81,112
2023-01-21,Norte,C,117,22
2023-01-21,Norte,D,51,148
2023-01-21,Sur,A,173,96
2023-01-21,Sur,B,207,173
2023-01-21,Sur,C,107,66
2023-01-21,Sur,D,90,218
2023-01-21,Este,A,444,250
2023-01-21,Este,B,91,212
2023-01-21,Este,C,297,52
2023-01-21,Este,D,192,228
2023-01-21,Oeste,A,348,41
2023-01-21,Oeste,B,332,276
2023-01-21,Oeste,C,385,96
2023-01-21,Oeste,D,149,85
2023-01-22,Norte,A,339,70
2023-01-22,Norte,B,225,155
2023-01-22,Norte,C,237,172
2023-01-22,Norte,D,394,254
2023-01-22,Sur,A,97,152
2023-01-22,Sur,B,399,267
2023-01-22,Sur,C,340,190
2023-01-22,Sur,D,473,52
2023-01-22,Este,A,149,266
2023-01-22,Este,B,354,239
2023-01-22,Este,C,360,101
2023-01-22,Este,D,286,87
2023-01-22,Oeste,A,350,237
2023-01-22,Oeste,B,378,183
2023-01-22,Oeste,C,116,34
2023-01-22,Oeste,D,480,273
2023-01-23,Norte,A,349,94
2023-01-23,Norte,B,187,229
2023-01-23,Norte,C,106,255
2023-01-23,Norte,D,131,281
2023-01-23,Sur,A,117,222
2023-01-23,Sur,B,431,293
2023-01-23,Sur,C,210,197
2023-01-23,Sur,D,164,185
2023-01-23,Este,A,372,157
2023-01-23,Este,B,412,95
2023-01-23,Este,C,178,297
2023-01-23,Este,D,317,65
2023-01-23,Oeste,A,234,178
2023-01-23,Oeste,B,441,140
2023-01-23,Oeste,C,455,213
2023-01-23,Oeste,D,171,20
2023-01-24,Norte,A,258,206
2023-01-24,Norte,B,237,175
2023-01-24,Norte,C,368,20
2023-01-24,Norte,D,171,205
2023-01-24,Sur,A,344,236
2023-01-24,Sur,B,100,36
2023-01-24,Sur,C,74,31
2023-01-24,Sur,D,437,29
2023-01-24,Este,A,366,136
2023-01-24,Este,B,420,221
2023-01-24,Este,C,306,287
2023-01-24,Este,D,114,24
2023-01-24,Oeste,A,170,272
2023-01-24,Oeste,B,400,27
2023-01-24,Oeste,C,345,86
2023-01-24,Oeste,D,217,280
2023-01-25,Norte,A,205,102
2023-01-25,Norte,B,158,273
2023-01-25,Norte,C,106,200
2023-01-25,Norte,D,121,124
2023-01-25,Sur,A,239,230
2023-01-25,Sur,B,297,152
2023-01-25,Sur,C,492,39
2023-01-25,Sur,D,201,164
2023-01-25,Este,A,181,256
2023-01-25,Este,B,111,263
2023-01-25,Este,C,179,30
2023-01-25,Este,D,477,260
2023-01-25,Oeste,A,354,278
2023-01-25,Oeste,B,252,277
2023-01-25,Oeste,C,467,131
2023-01-25,Oeste,D,414,65
2023-01-26,Norte,A,261,195
2023-01-26,Norte,B,454,148
2023-01-26,Norte,C,462,41
2023-01-26,Norte,D,107,30
2023-01-26,Sur,A,296,157
2023-01-26,Sur,B,144,133
2023-01-26,Sur,C,270,225
2023-01-26,Sur,D,421,251
2023-01-26,Este,A,225,98
2023-01-26,Este,B,202,289
2023-01-26,Este,C,113,87
2023-01-26,Este,D,378,107
2023-01-26,Oeste,A,178,264
2023-01-26,Oeste,B,166,208
2023-01-26,Oeste,C,456,75
2023-01-26,Oeste,D,50,69
2023-01-27,Norte,A,334,77
2023-01-27,Norte,B,377,47
2023-01-27,Norte,C,317,106
2023-01-27,Norte,D,109,81
2023-01-27,Sur,A,484,258
2023-01-27,Sur,B,439,251
2023-01-27,Sur,C,140,133
2023-01-27,Sur,D,118,52
2023-01-27,Este,A,403,169
2023-01-27,Este,B,329,273
2023-01-27,Este,C,92,164
2023-01-27,Este,D,491,152
2023-01-27,Oeste,A,229,60
2023-01-27,Oeste,B,329,82
2023-01-27,Oeste,C,154,226
2023-01-27,Oeste,D,269,150
2023-01-28,Norte,A,262,162
2023-01-28,Norte,B,115,173
2023-01-28,Norte,C,120,88
2023-01-28,Norte,D,160,235
2023-01-28,Sur,A,292,178
2023-01-28,Sur,B,133,238
2023-01-28,Sur,C,375,124
2023-01-28,Sur,D,469,31
2023-01-28,Este,A,273,111
2023-01-28,Este,B,233,32
2023-01-28,Este,C,123,277
2023-01-28,Este,D,230,35
2023-01-28,Oeste,A,317,193
2023-01-28,Oeste,B,222,108
2023-01-28,Oeste,C,472,205
2023-01-28,Oeste,D,330,25
2023-01-29,Norte,A,439,78
2023-01-29,Norte,B,311,133
2023-01-29,Norte,C,180,87
2023-01-29,Norte,D,103,91
2023-01-29,Sur,A,171,40
2023-01-29,Sur,B,386,202
2023-01-29,Sur,C,341,150
2023-01-29,Sur,D,93,236
2023-01-29,Este,A,283,108
2023-01-29,Este,B,198,49
2023-01-29,Este,C,397,106
2023-01-29,Este,D,276,53
2023-01-29,Oeste,A,315,136
2023-01-29,Oeste,B,133,109
2023-01-29,Oeste,C,319,127
2023-01-29,Oeste,D,320,84
2023-01-30,Norte,A,333,37
2023-01-30,Norte,B,239,28
2023-01-30,Norte,C,347,184
2023-01-30,Norte,D,434,196
2023-01-30,Sur,A,321,140
2023-01-30,Sur,B,391,202
2023-01-30,Sur,C,118,138
2023-01-30,Sur,D,417,247
2023-01-30,Este,A,221,88
2023-01-30,Este,B,226,35
2023-01-30,Este,C,318,219
2023-01-30,Este,D,364,131
2023-01-30,Oeste,A,452,158
2023-01-30,Oeste,B,156,86
2023-01-30,Oeste,C,465,72
2023-01-30,Oeste,D,360,168
2023-01-31,Norte,A,478,117
2023-01-31,Norte,B,82,177
2023-01-31,Norte,C,55,41
2023-01-31,Norte,D,288,228
2023-01-31,Sur,A,361,159
2023-01-31,Sur,B,238,160
2023-01-31,Sur,C,163,126
2023-01-31,Sur,D,271,86
2023-01-31,Este,A,182,91
2023-01-31,Este,B,181,233
2023-01-31,Este,C,434,119
2023-01-31,Este,D,282,122
2023-01-31,Oeste,A,418,232
2023-01-31,Oeste,B,154,254
2023-01-31,Oeste,C,50,67
2023-01-31,Oeste,D,362,267
2023-02-01,Norte,A,134,260
2023-02-01,Norte,B,145,151
2023-02-01,Norte,C,170,155
2023-02-01,Norte,D,385,69
2023-02-01,Sur,A,253,202
2023-02-01,Sur,B,69,128
2023-02-01,Sur,C,116,175
2023-02-01,Sur,D,369,119
2023-02-01,Este,A,210,281
2023-02-01,Este,B,226,35
2023-02-01,Este,C,443,192
2023-02-01,Este,D,144,163
2023-02-01,Oeste,A,309,117
2023-02-01,Oeste,B,387,288
2023-02-01,Oeste,C,390,63
2023-02-01,Oeste,D,386,226
2023-02-02,Norte,A,267,81
2023-02-02,Norte,B,473,61
2023-02-02,Norte,C,354,224
2023-02-02,Norte,D,421,272
2023-02-02,Sur,A,260,97
2023-02-02,Sur,B,446,274
2023-02-02,Sur,C,226,115
2023-02-02,Sur,D,241,73
2023-02-02,Este,A,264,66
2023-02-02,Este,B,71,167
2023-02-02,Este,C,128,298
2023-02-02,Este,D,338,161
2023-02-02,Oeste,A,380,131
2023-02-02,Oeste,B,321,280
2023-02-02,Oeste,C,146,61
2023-02-02,Oeste,D,215,109
2023-02-03,Norte,A,75,269
2023-02-03,Norte,B,68,284
2023-02-03,Norte,C,285,28
2023-02-03,Norte,D,134,186
2023-02-03,Sur,A,236,80
2023-02-03,Sur,B,166,126
2023-02-03,Sur,C,319,291
2023-02-03,Sur,D,428,128
2023-02-03,Este,A,84,121
2023-02-03,Este,B,186,294
2023-02-03,Este,C,360,183
2023-02-03,Este,D,453,200
2023-02-03,Oeste,A,232,174
2023-02-03,Oeste,B,371,44
2023-02-03,Oeste,C,295,61
2023-02-03,Oeste,D,310,248
2023-02-04,Norte,A,360,177
2023-02-04,Norte,B,75,167
2023-02-04,Norte,C,410,210
2023-02-04,Norte,D,122,79
2023-02-04,Sur,A,200,103
2023-02-04,Sur,B,135,191
2023-02-04,Sur,C,465,138
2023-02-04,Sur,D,182,287
2023-02-04,Este,A,422,285
2023-02-04,Este,B,467,232
2023-02-04,Este,C,76,256
2023-02-04,Este,D,103,89
2023-02-04,Oeste,A,231,47
2023-02-04,Oeste,B,79,116
2023-02-04,Oeste,C,125,187
2023-02-04,Oeste,D,325,295
2023-02-05,Norte,A,323,271
2023-02-05,Norte,B,78,148
2023-02-05,Norte,C,79,279
2023-02-05,Norte,D,492,221
2023-02-05,Sur,A,206,26
2023-02-05,Sur,B,359,72
2023-02-05,Sur,C,108,192
2023-02-05,Sur,D,309,206
2023-02-05,Este,A,424,128
2023-02-05,Este,B,255,299
2023-02-05,Este,C,481,72
2023-02-05,Este,D,421,257
2023-02-05,Oeste,A,177,30
2023-02-05,Oeste,B,220,163
2023-02-05,Oeste,C,323,164
2023-02-05,Oeste,D,142,297
2023-02-06,Norte,A,225,59
2023-02-06,Norte,B,50,256
2023-02-06,Norte,C,169,136
2023-02-06,Norte,D,141,84
2023-02-06,Sur,A,313,89
2023-02-06,Sur,B,135,267
2023-02-06,Sur,C,400,293
2023-02-06,Sur,D,384,61
2023-02-06,Este,A,126,212
2023-02-06,Este,B,63,56
2023-02-06,Este,C,392,244
2023-02-06,Este,D,384,198
2023-02-06,Oeste,A,339,96
2023-02-06,Oeste,B,153,62
2023-02-06,Oeste,C,355,118
2023-02-06,Oeste,D,356,45
2023-02-07,Norte,A,418,85
2023-02-07,Norte,B,343,73
2023-02-07,Norte,C,299,182
2023-02-07,Norte,D,426,72
2023-02-07,Sur,A,420,67
2023-02-07,Sur,B,252,166
2023-02-07,Sur,C,481,66
2023-02-07,Sur,D,280,166
2023-02-07,Este,A,233,278
2023-02-07,Este,B,176,58
2023-02-07,Este,C,362,205
2023-02-07,Este,D,332,114
2023-02-07,Oeste,A,68,241
2023-02-07,Oeste,B,253,172
2023-02-07,Oeste,C,76,247
2023-02-07,Oeste,D,329,201
2023-02-08,Norte,A,324,281
2023-02-08,Norte,B,104,77
2023-02-08,Norte,C,169,155
2023-02-08,Norte,D,108,105
2023-02-08,Sur,A,366,227
2023-02-08,Sur,B,64,84
2023-02-08,Sur,C,166,219
2023-02-08,Sur,D,55,185
2023-02-08,Este,A,86,286
2023-02-08,Este,B,378,194
2023-02-08,Este,C,287,192
2023-02-08,Este,D,488,122
2023-02-08,Oeste,A,122,256
2023-02-08,Oeste,B,373,258
2023-02-08,Oeste,C,345,166
2023-02-08,Oeste,D,296,101
2023-02-09,Norte,A,152,186
2023-02-09,Norte,B,418,64
2023-02-09,Norte,C,183,257
2023-02-09,Norte,D,483,259
2023-02-09,Sur,A,330,241
2023-02-09,Sur,B,122,278
2023-02-09,Sur,C,245,136
2023-02-09,Sur,D,443,66
2023-02-09,Este,A,323,219
2023-02-09,Este,B,304,182
2023-02-09,Este,C,115,103
2023-02-09,Este,D,84,220
2023-02-09,Oeste,A,270,99
2023-02-09,Oeste,B,469,96
2023-02-09,Oeste,C,301,100
2023-02-09,Oeste,D,427,186
2023-02-10,Norte,A,388,180
2023-02-10,Norte,B,479,174
2023-02-10,Norte,C,236,278
2023-02-10,Norte,D,274,126
2023-02-10,Sur,A,226,269
2023-02-10,Sur,B,408,229
2023-02-10,Sur,C,455,252
2023-02-10,Sur,D,98,160
2023-02-10,Este,A,311,128
2023-02-10,Este,B,93,50
2023-02-10,Este,C,317,86
2023-02-10,Este,D,213,264
2023-02-10,Oeste,A,398,74
2023-02-10,Oeste,B,402,245
2023-02-10,Oeste,C,53,129
2023-02-10,Oeste,D,276,214
2023-02-11,Norte,A,482,182
2023-02-11,Norte,B,286,105
2023-02-11,Norte,C,218,28
2023-02-11,Norte,D,486,82
2023-02-11,Sur,A,497,217
2023-02-11,Sur,B,373,164
2023-02-11,Sur,C,244,191
2023-02-11,Sur,D,165,90
2023-02-11,Este,A,93,54
2023-02-11,Este,B,429,38
2023-02-11,Este,C,201,45
2023-02-11,Este,D,116,262
2023-02-11,Oeste,A,243,29
2023-02-11,Oeste,B,151,260
2023-02-11,Oeste,C,275,60
2023-02-11,Oeste,D,114,121
2023-02-12,Norte,A,486,214
2023-02-12,Norte,B,496,200
2023-02-12,Norte,C,158,223
2023-02-12,Norte,D,284,141
2023-02-12,Sur,A,377,96
2023-02-12,Sur,B,336,280
2023-02-12,Sur,C,476,267
2023-02-12,Sur,D,391,241
2023-02-12,Este,A,385,156
2023-02-12,Este,B,258,32
2023-02-12,Este,C,55,222
2023-02-12,Este,D,473,277
2023-02-12,Oeste,A,134,109
2023-02-12,Oeste,B,457,66
2023-02-12,Oeste,C,470,196
2023-02-12,Oeste,D,168,112
2023-02-13,Norte,A,470,60
2023-02-13,Norte,B,232,234
2023-02-13,Norte,C,204,230
2023-02-13,Norte,D,484,124
2023-02-13,Sur,A,307,128
2023-02-13,Sur,B,417,41
2023-02-13,Sur,C,356,99
2023-02-13,Sur,D,127,75
2023-02-13,Este,A,208,148
2023-02-13,Este,B,328,250
2023-02-13,Este,C,259,52
2023-02-13,Este,D,151,111
2023-02-13,Oeste,A,113,106
2023-02-13,Oeste,B,335,154
2023-02-13,Oeste,C,137,160
2023-02-13,Oeste,D,95,279
2023-02-14,Norte,A,472,299
2023-02-14,Norte,B,446,96
2023-02-14,Norte,C,463,102
2023-02-14,Norte,D,322,134
2023-02-14,Sur,A,275,177
2023-02-14,Sur,B,393,207
2023-02-14,Sur,C,375,176
2023-02-14,Sur,D,89,83
2023-02-14,Este,A,139,274
2023-02-14,Este,B,227,151
2023-02-14,Este,C,201,188
2023-02-14,Este,D,60,290
2023-02-14,Oeste,A,228,223
2023-02-14,Oeste,B,63,243
2023-02-14,Oeste,C,393,196
2023-02-14,Oeste,D,206,137
2023-02-15,Norte,A,477,284
2023-02-15,Norte,B,50,216
2023-02-15,Norte,C,317,220
2023-02-15,Norte,D,280,296
2023-02-15,Sur,A,167,268
2023-02-15,Sur,B,72,209
2023-02-15,Sur,C,171,149
2023-02-15,Sur,D,461,51
2023-02-15,Este,A,402,181
2023-02-15,Este,B,317,265
2023-02-15,Este,C,110,22
2023-02-15,Este,D,393,115
2023-02-15,Oeste,A,381,70
2023-02-15,Oeste,B,266,24
2023-02-15,Oeste,C,341,193
2023-02-15,Oeste,D,302,92
2023-02-16,Norte,A,265,102
2023-02-16,Norte,B,202,85
2023-02-16,Norte,C,63,298
2023-02-16,Norte,D,199,24
2023-02-16,Sur,A,145,184
2023-02-16,Sur,B,442,284
2023-02-16,Sur,C,384,263
2023-02-16,Sur,D,231,256
2023-02-16,Este,A,165,128
2023-02-16,Este,B,287,116
2023-02-16,Este,C,84,126
2023-02-16,Este,D,156,108
2023-02-16,Oeste,A,386,226
2023-02-16,Oeste,B,432,171
2023-02-16,Oeste,C,87,226
2023-02-16,Oeste,D,155,118
2023-02-17,Norte,A,264,43
2023-02-17,Norte,B,213,51
2023-02-17,Norte,C,329,31
2023-02-17,Norte,D,167,58
2023-02-17,Sur,A,247,66
2023-02-17,Sur,B,104,184
2023-02-17,Sur,C,61,20
2023-02-17,Sur,D,380,120
2023-02-17,Este,A,238,220
2023-02-17,Este,B,88,225
2023-02-17,Este,C,68,288
2023-02-17,Este,D,72,218
2023-02-17,Oeste,A,343,212
2023-02-17,Oeste,B,273,92
2023-02-17,Oeste,C,84,95
2023-02-17,Oeste,D,90,298
2023-02-18,Norte,A,365,292
2023-02-18,Norte,B,184,103
2023-02-18,Norte,C,53,258
2023-02-18,Norte,D,394,49
2023-02-18,Sur,A,182,212
2023-02-18,Sur,B,165,217
2023-02-18,Sur,C,200,274
2023-02-18,Sur,D,245,133
2023-02-18,Este,A,432,157
2023-02-18,Este,B,441,25
2023-02-18,Este,C,325,198
2023-02-18,Este,D,290,180
2023-02-18,Oeste,A,463,165
2023-02-18,Oeste,B,308,272
2023-02-18,Oeste,C,314,124
2023-02-18,Oeste,D,431,199
2023-02-19,Norte,A,367,171
2023-02-19,Norte,B,372,35
2023-02-19,Norte,C,345,58
2023-02-19,Norte,D,273,58
2023-02-19,Sur,A,272,22
2023-02-19,Sur,B,380,83
2023-02-19,Sur,C,244,245
2023-02-19,Sur,D,471,106
2023-02-19,Este,A,312,224
2023-02-19,Este,B,257,52
2023-02-19,Este,C,264,209
2023-02-19,Este,D,120,117
2023-02-19,Oeste,A,383,103
2023-02-19,Oeste,B,96,156
2023-02-19,Oeste,C,344,182
2023-02-19,Oeste,D,129,264
2023-02-20,Norte,A,422,24
2023-02-20,Norte,B,186,212
2023-02-20,Norte,C,254,27
2023-02-20,Norte,D,108,144
2023-02-20,Sur,A,167,103
2023-02-20,Sur,B,200,49
2023-02-20,Sur,C,383,191
2023-02-20,Sur,D,97,153
2023-02-20,Este,A,204,218
2023-02-20,Este,B,270,246
2023-02-20,Este,C,159,243
2023-02-20,Este,D,192,272
2023-02-20,Oeste,A,490,60
2023-02-20,Oeste,B,401,163
2023-02-20,Oeste,C,237,131
2023-02-20,Oeste,D,182,176
2023-02-21,Norte,A,267,226
2023-02-21,Norte,B,153,217
2023-02-21,Norte,C,435,164
2023-02-21,Norte,D,424,85
2023-02-21,Sur,A,261,165
2023-02-21,Sur,B,86,192
2023-02-21,Sur,C,85,126
2023-02-21,Sur,D,358,295
2023-02-21,Este,A,130,113
2023-02-21,Este,B,281,268
2023-02-21,Este,C,309,69
2023-02-21,Este,D,201,41
2023-02-21,Oeste,A,94,193
2023-02-21,Oeste,B,165,214
2023-02-21,Oeste,C,264,96
2023-02-21,Oeste,D,365,276
2023-02-22,Norte,A,62,75
2023-02-22,Norte,B,470,208
2023-02-22,Norte,C,123,198
2023-02-22,Norte,D,377,38
2023-02-22,Sur,A,490,190
2023-02-22,Sur,B,242,218
2023-02-22,Sur,C,130,275
2023-02-22,Sur,D,192,176
2023-02-22,Este,A,287,173
2023-02-22,Este,B,190,67
2023-02-22,Este,C,141,272
2023-02-22,Este,D,328,258
2023-02-22,Oeste,A,288,293
2023-02-22,Oeste,B,102,65
2023-02-22,Oeste,C,358,294
2023-02-22,Oeste,D,177,114
2023-02-23,Norte,A,341,199
2023-02-23,Norte,B,334,118
2023-02-23,Norte,C,130,192
2023-02-23,Norte,D,216,226
2023-02-23,Sur,A,54,64
2023-02-23,Sur,B,105,172
2023-02-23,Sur,C,497,239
2023-02-23,Sur,D,409,36
2023-02-23,Este,A,118,73
2023-02-23,Este,B,459,276
2023-02-23,Este,C,307,201
2023-02-23,Este,D,454,96
2023-02-23,Oeste,A,102,195
2023-02-23,Oeste,B,275,135
2023-02-23,Oeste,C,187,291
2023-02-23,Oeste,D,443,147
2023-02-24,Norte,A,453,59
2023-02-24,Norte,B,74,64
2023-02-24,Norte,C,70,38
2023-02-24,Norte,D,234,58
2023-02-24,Sur,A,282,203
2023-02-24,Sur,B,204,147
2023-02-24,Sur,C,90,25
2023-02-24,Sur,D,185,224
2023-02-24,Este,A,392,103
2023-02-24,Este,B,308,44
2023-02-24,Este,C,376,30
2023-02-24,Este,D,310,72
2023-02-24,Oeste,A,428,266
2023-02-24,Oeste,B,468,181
2023-02-24,Oeste,C,205,275
2023-02-24,Oeste,D,190,290
2023-02-25,Norte,A,255,289
2023-02-25,Norte,B,387,227
2023-02-25,Norte,C,360,182
2023-02-25,Norte,D,158,199
2023-02-25,Sur,A,263,264
2023-02-25,Sur,B,98,92
2023-02-25,Sur,C,471,262
2023-02-25,Sur,D,282,240
2023-02-25,Este,A,152,118
2023-02-25,Este,B,84,94
2023-02-25,Este,C,173,82
2023-02-25,Este,D,128,296
2023-02-25,Oeste,A,308,105
2023-02-25,Oeste,B,123,286
2023-02-25,Oeste,C,80,140
2023-02-25,Oeste,D,218,27
2023-02-26,Norte,A,468,197
2023-02-26,Norte,B,314,214
2023-02-26,Norte,C,314,148
2023-02-26,Norte,D,159,99
2023-02-26,Sur,A,390,212
2023-02-26,Sur,B,419,28
2023-02-26,Sur,C,267,241
2023-02-26,Sur,D,419,220
2023-02-26,Este,A,217,297
2023-02-26,Este,B,97,211
2023-02-26,Este,C,394,227
2023-02-26,Este,D,388,253
2023-02-26,Oeste,A,270,252
2023-02-26,Oeste,B,351,105
2023-02-26,Oeste,C,170,251
2023-02-26,Oeste,D,478,276
2023-02-27,Norte,A,263,117
2023-02-27,Norte,B,329,190
2023-02-27,Norte,C,408,221
2023-02-27,Norte,D,227,294
2023-02-27,Sur,A,284,180
2023-02-27,Sur,B,60,211
2023-02-27,Sur,C,131,171
2023-02-27,Sur,D,154,120
2023-02-27,Este,A,458,176
2023-02-27,Este,B,285,274
2023-02-27,Este,C,366,169
2023-02-27,Este,D,123,275
2023-02-27,Oeste,A,324,251
2023-02-27,Oeste,B,393,69
2023-02-27,Oeste,C,244,85
2023-02-27,Oeste,D,459,102
2023-02-28,Norte,A,384,96
2023-02-28,Norte,B,150,68
2023-02-28,Norte,C,444,133
2023-02-28,Norte,D,257,109
2023-02-28,Sur,A,169,20
2023-02-28,Sur,B,79,297
2023-02-28,Sur,C,457,267
2023-02-28,Sur,D,460,212
2023-02-28,Este,A,330,140
2023-02-28,Este,B,322,30
2023-02-28,Este,C,155,164
2023-02-28,Este,D,449,259
2023-02-28,Oeste,A,357,100
2023-02-28,Oeste,B,452,63
2023-02-28,Oeste,C,179,219
2023-02-28,Oeste,D,81,33
2023-03-01,Norte,A,225,104
2023-03-01,Norte,B,153,25
2023-03-01,Norte,C,317,243
2023-03-01,Norte,D,303,26
2023-03-01,Sur,A,288,39
2023-03-01,Sur,B,494,124
2023-03-01,Sur,C,119,80
2023-03-01,Sur,D,408,173
2023-03-01,Este,A,297,259
2023-03-01,Este,B,163,53
2023-03-01,Este,C,360,270
2023-03-01,Este,D,306,247
2023-03-01,Oeste,A,162,38
2023-03-01,Oeste,B,63,70
2023-03-01,Oeste,C,128,92
2023-03-01,Oeste,D,218,275
2023-03-02,Norte,A,405,247
2023-03-02,Norte,B,399,276
2023-03-02,Norte,C,313,151
2023-03-02,Norte,D,294,206
2023-03-02,Sur,A,166,107
2023-03-02,Sur,B,123,67
2023-03-02,Sur,C,53,274
2023-03-02,Sur,D,321,76
2023-03-02,Este,A,271,170
2023-03-02,Este,B,238,37
2023-03-02,Este,C,299,150
2023-03-02,Este,D,156,196
2023-03-02,Oeste,A,210,25
2023-03-02,Oeste,B,308,283
2023-03-02,Oeste,C,348,91
2023-03-02,Oeste,D,56,122
2023-03-03,Norte,A,173,94
2023-03-03,Norte,B,218,200
2023-03-03,Norte,C,320,171
2023-03-03,Norte,D,461,289
2023-03-03,Sur,A,453,71
2023-03-03,Sur,B,169,295
2023-03-03,Sur,C,337,124
2023-03-03,Sur,D,324,125
2023-03-03,Este,A,130,140
2023-03-03,Este,B,189,48
2023-03-03,Este,C,166,201
2023-03-03,Este,D,385,253
2023-03-03,Oeste,A,387,103
2023-03-03,Oeste,B,499,256
2023-03-03,Oeste,C,133,35
2023-03-03,Oeste,D,433,178
2023-03-04,Norte,A,192,209
2023-03-04,Norte,B,176,81
2023-03-04,Norte,C,70,224
2023-03-04,Norte,D,309,67
2023-03-04,Sur,A,434,271
2023-03-04,Sur,B,223,170
2023-03-04,Sur,C,378,35
2023-03-04,Sur,D,180,74
2023-03-04,Este,A,371,212
2023-03-04,Este,B,416,246
2023-03-04,Este,C,426,259
2023-03-04,Este,D,423,279
2023-03-04,Oeste,A,197,282
2023-03-04,Oeste,B,493,259
2023-03-04,Oeste,C,388,32
2023-03-04,Oeste,D,420,29
2023-03-05,Norte,A,369,215
2023-03-05,Norte,B,50,295
2023-03-05,Norte,C,295,47
2023-03-05,Norte,D,354,183
2023-03-05,Sur,A,254,208
2023-03-05,Sur,B,496,112
2023-03-05,Sur,C,422,148
2023-03-05,Sur,D,363,166
2023-03-05,Este,A,479,142
2023-03-05,Este,B,166,177
2023-03-05,Este,C,384,109
2023-03-05,Este,D,228,277
2023-03-05,Oeste,A,478,202
2023-03-05,Oeste,B,217,78
2023-03-05,Oeste,C,245,202
2023-03-05,Oeste,D,193,86
2023-03-06,Norte,A,209,40
2023-03-06,Norte,B,372,62
2023-03-06,Norte,C,352,170
2023-03-06,Norte,D,97,74
2023-03-06,Sur,A,283,218
2023-03-06,Sur,B,153,27
2023-03-06,Sur,C,475,31
2023-03-06,Sur,D,308,279
2023-03-06,Este,A,391,243
2023-03-06,Este,B,474,133
2023-03-06,Este,C,311,179
2023-03-06,Este,D,312,37
2023-03-06,Oeste,A,446,196
2023-03-06,Oeste,B,177,214
2023-03-06,Oeste,C,277,240
2023-03-06,Oeste,D,170,290
2023-03-07,Norte,A,438,41
2023-03-07,Norte,B,174,70
2023-03-07,Norte,C,468,124
2023-03-07,Norte,D,204,200
2023-03-07,Sur,A,392,116
2023-03-07,Sur,B,259,177
2023-03-07,Sur,C,86,33
2023-03-07,Sur,D,243,97
2023-03-07,Este,A,393,209
2023-03-07,Este,B,117,38
2023-03-07,Este,C,197,132
2023-03-07,Este,D,477,293
2023-03-07,Oeste,A,272,182
2023-03-07,Oeste,B,416,245
2023-03-07,Oeste,C,366,276
2023-03-07,Oeste,D,233,178
2023-03-08,Norte,A,269,299
2023-03-08,Norte,B,255,62
2023-03-08,Norte,C,387,100
2023-03-08,Norte,D,236,193
2023-03-08,Sur,A,491,184
2023-03-08,Sur,B,228,260
2023-03-08,Sur,C,262,178
2023-03-08,Sur,D,315,37
2023-03-08,Este,A,91,141
2023-03-08,Este,B,299,147
2023-03-08,Este,C,86,23
2023-03-08,Este,D,287,206
2023-03-08,Oeste,A,435,293
2023-03-08,Oeste,B,248,202
2023-03-08,Oeste,C,140,81
2023-03-08,Oeste,D,250,74
2023-03-09,Norte,A,400,120
2023-03-09,Norte,B,85,44
2023-03-09,Norte,C,362,112
2023-03-09,Norte,D,198,38
2023-03-09,Sur,A,58,134
2023-03-09,Sur,B,113,86
2023-03-09,Sur,C,245,278
2023-03-09,Sur,D,436,235
2023-03-09,Este,A,250,253
2023-03-09,Este,B,277,164
2023-03-09,Este,C,396,120
2023-03-09,Este,D,380,265
2023-03-09,Oeste,A,57,230
2023-03-09,Oeste,B,157,137
2023-03-09,Oeste,C,422,286
2023-03-09,Oeste,D,270,161
2023-03-10,Norte,A,76,85
2023-03-10,Norte,B,312,144
2023-03-10,Norte,C,214,66
2023-03-10,Norte,D,227,249
2023-03-10,Sur,A,120,76
2023-03-10,Sur,B,346,161
2023-03-10,Sur,C,188,267
2023-03-10,Sur,D,202,253
2023-03-10,Este,A,206,176
2023-03-10,Este,B,78,237
2023-03-10,Este,C,346,261
2023-03-10,Este,D,139,276
2023-03-10,Oeste,A,493,222
2023-03-10,Oeste,B,116,106
2023-03-10,Oeste,C,461,79
2023-03-10,Oeste,D,77,148
2023-03-11,Norte,A,498,108
2023-03-11,Norte,B,201,236
2023-03-11,Norte,C,140,91
2023-03-11,Norte,D,423,169
2023-03-11,Sur,A,285,170
2023-03-11,Sur,B,375,25
2023-03-11,Sur,C,63,42
2023-03-11,Sur,D,487,88
2023-03-11,Este,A,113,85
2023-03-11,Este,B,195,125
2023-03-11,Este,C,230,21
2023-03-11,Este,D,336,125
2023-03-11,Oeste,A,138,251
2023-03-11,Oeste,B,195,141
2023-03-11,Oeste,C,238,36
2023-03-11,Oeste,D,104,278
2023-03-12,Norte,A,311,151
2023-03-12,Norte,B,188,79
2023-03-12,Norte,C,251,99
2023-03-12,Norte,D,487,258
2023-03-12,Sur,A,436,283
2023-03-12,Sur,B,432,200
2023-03-12,Sur,C,258,198
2023-03-12,Sur,D,294,50
2023-03-12,Este,A,87,237
2023-03-12,Este,B,308,167
2023-03-12,Este,C,283,210
2023-03-12,Este,D,211,157
2023-03-12,Oeste,A,219,69
2023-03-12,Oeste,B,288,80
2023-03-12,Oeste,C,385,202
2023-03-12,Oeste,D,216,254
2023-03-13,Norte,A,254,264
2023-03-13,Norte,B,113,38
2023-03-13,Norte,C,435,240
2023-03-13,Norte,D,57,255
2023-03-13,Sur,A,356,43
2023-03-13,Sur,B,104,251
2023-03-13,Sur,C,105,253
2023-03-13,Sur,D,431,240
2023-03-13,Este,A,94,38
2023-03-13,Este,B,364,227
2023-03-13,Este,C,427,74
2023-03-13,Este,D,458,251
2023-03-13,Oeste,A,180,282
2023-03-13,Oeste,B,285,58
2023-03-13,Oeste,C,485,166
2023-03-13,Oeste,D,350,135
2023-03-14,Norte,A,197,254
2023-03-14,Norte,B,63,64
2023-03-14,Norte,C,483,265
2023-03-14,Norte,D,391,198
2023-03-14,Sur,A,144,22
2023-03-14,Sur,B,249,256
2023-03-14,Sur,C,356,73
2023-03-14,Sur,D,120,90
2023-03-14,Este,A,316,113
2023-03-14,Este,B,356,73
2023-03-14,Este,C,138,64
2023-03-14,Este,D,277,223
2023-03-14,Oeste,A,303,105
2023-03-14,Oeste,B,179,171
2023-03-14,Oeste,C,204,294
2023-03-14,Oeste,D,184,91
2023-03-15,Norte,A,89,227
2023-03-15,Norte,B,209,32
2023-03-15,Norte,C,184,197
2023-03-15,Norte,D,374,195
2023-03-15,Sur,A,193,102
2023-03-15,Sur,B,491,74
2023-03-15,Sur,C,193,162
2023-03-15,Sur,D,51,287
2023-03-15,Este,A,286,255
2023-03-15,Este,B,69,299
2023-03-15,Este,C,284,257
2023-03-15,Este,D,454,175
2023-03-15,Oeste,A,298,156
2023-03-15,Oeste,B,57,164
2023-03-15,Oeste,C,125,97
2023-03-15,Oeste,D,111,46
2023-03-16,Norte,A,52,75
2023-03-16,Norte,B,362,189
2023-03-16,Norte,C,226,180
2023-03-16,Norte,D,286,249
2023-03-16,Sur,A,273,27
2023-03-16,Sur,B,453,158
2023-03-16,Sur,C,136,281
2023-03-16,Sur,D,126,136
2023-03-16,Este,A,497,62
2023-03-16,Este,B,213,295
2023-03-16,Este,C,329,108
2023-03-16,Este,D,415,187
2023-03-16,Oeste,A,356,213
2023-03-16,Oeste,B,68,277
2023-03-16,Oeste,C,443,109
2023-03-16,Oeste,D,437,149
2023-03-17,Norte,A,348,207
2023-03-17,Norte,B,75,266
2023-03-17,Norte,C,142,109
2023-03-17,Norte,D,349,231
2023-03-17,Sur,A,385,144
2023-03-17,Sur,B,112,57
2023-03-17,Sur,C,260,68
2023-03-17,Sur,D,134,272
2023-03-17,Este,A,299,28
2023-03-17,Este,B,149,88
2023-03-17,Este,C,159,201
2023-03-17,Este,D,150,212
2023-03-17,Oeste,A,171,158
2023-03-17,Oeste,B,293,239
2023-03-17,Oeste,C,389,149
2023-03-17,Oeste,D,154,163
2023-03-18,Norte,A,126,118
2023-03-18,Norte,B,480,256
2023-03-18,Norte,C,236,117
2023-03-18,Norte,D,263,226
2023-03-18,Sur,A,446,183
2023-03-18,Sur,B,124,101
2023-03-18,Sur,C,332,166
2023-03-18,Sur,D,182,180
2023-03-18,Este,A,398,121
2023-03-18,Este,B,445,163
2023-03-18,Este,C,262,251
2023-03-18,Este,D,180,114
2023-03-18,Oeste,A,392,73
2023-03-18,Oeste,B,444,223
2023-03-18,Oeste,C,463,286
2023-03-18,Oeste,D,457,150
2023-03-19,Norte,A,429,279
2023-03-19,Norte,B,245,43
2023-03-19,Norte,C,180,212
2023-03-19,Norte,D,340,216
2023-03-19,Sur,A,464,58
2023-03-19,Sur,B,287,161
2023-03-19,Sur,C,369,134
2023-03-19,Sur,D,320,221
2023-03-19,Este,A,177,165
2023-03-19,Este,B,295,294
2023-03-19,Este,C,222,293
2023-03-19,Este,D,77,158
2023-03-19,Oeste,A,404,113
2023-03-19,Oeste,B,376,225
2023-03-19,Oeste,C,97,139
2023-03-19,Oeste,D,127,193
2023-03-20,Norte,A,108,168
2023-03-20,Norte,B,452,165
2023-03-20,Norte,C,211,52
2023-03-20,Norte,D,486,168
2023-03-20,Sur,A,282,200
2023-03-20,Sur,B,88,184
2023-03-20,Sur,C,415,33
2023-03-20,Sur,D,431,260
2023-03-20,Este,A,481,141
2023-03-20,Este,B,253,236
2023-03-20,Este,C,229,177
2023-03-20,Este,D,87,172
2023-03-20,Oeste,A,310,209
2023-03-20,Oeste,B,431,131
2023-03-20,Oeste,C,390,120
2023-03-20,Oeste,D,205,168
2023-03-21,Norte,A,449,292
2023-03-21,Norte,B,399,160
2023-03-21,Norte,C,96,21
2023-03-21,Norte,D,206,169
2023-03-21,Sur,A,225,43
2023-03-21,Sur,B,188,122
2023-03-21,Sur,C,162,107
2023-03-21,Sur,D,268,46
2023-03-21,Este,A,365,240
2023-03-21,Este,B,272,290
2023-03-21,Este,C,481,200
2023-03-21,Este,D,283,28
2023-03-21,Oeste,A,304,245
2023-03-21,Oeste,B,175,247
2023-03-21,Oeste,C,199,126
2023-03-21,Oeste,D,384,84
2023-03-22,Norte,A,182,137
2023-03-22,Norte,B,416,161
2023-03-22,Norte,C,413,196
2023-03-22,Norte,D,110,24
2023-03-22,Sur,A,211,111
2023-03-22,Sur,B,386,100
2023-03-22,Sur,C,330,163
2023-03-22,Sur,D,280,203
2023-03-22,Este,A,198,196
2023-03-22,Este,B,363,269
2023-03-22,Este,C,196,48
2023-03-22,Este,D,58,76
2023-03-22,Oeste,A,263,189
2023-03-22,Oeste,B,493,76
2023-03-22,Oeste,C,449,29
2023-03-22,Oeste,D,271,216
2023-03-23,Norte,A,309,219
2023-03-23,Norte,B,226,49
2023-03-23,Norte,C,313,191
2023-03-23,Norte,D,317,135
2023-03-23,Sur,A,398,271
2023-03-23,Sur,B,304,159
2023-03-23,Sur,C,90,89
2023-03-23,Sur,D,62,265
2023-03-23,Este,A,348,59
2023-03-23,Este,B,119,57
2023-03-23,Este,C,195,160
2023-03-23,Este,D,493,27
2023-03-23,Oeste,A,225,269
2023-03-23,Oeste,B,479,154
2023-03-23,Oeste,C,307,199
2023-03-23,Oeste,D,74,29
2023-03-24,Norte,A,421,172
2023-03-24,Norte,B,70,99
2023-03-24,Norte,C,118,177
2023-03-24,Norte,D,344,223
2023-03-24,Sur,A,200,235
2023-03-24,Sur,B,73,139
2023-03-24,Sur,C,73,264
2023-03-24,Sur,D,166,30
2023-03-24,Este,A,241,250
2023-03-24,Este,B,311,98
2023-03-24,Este,C,220,149
2023-03-24,Este,D,51,123
2023-03-24,Oeste,A,249,205
2023-03-24,Oeste,B,136,180
2023-03-24,Oeste,C,77,271
2023-03-24,Oeste,D,185,123
2023-03-25,Norte,A,351,127
2023-03-25,Norte,B,176,193
2023-03-25,Norte,C,498,196
2023-03-25,Norte,D,476,176
2023-03-25,Sur,A,299,128
2023-03-25,Sur,B,497,146
2023-03-25,Sur,C,376,34
2023-03-25,Sur,D,84,234
2023-03-25,Este,A,146,119
2023-03-25,Este,B,351,152
2023-03-25,Este,C,287,221
2023-03-25,Este,D,132,290
2023-03-25,Oeste,A,490,29
2023-03-25,Oeste,B,177,245
2023-03-25,Oeste,C,364,117
2023-03-25,Oeste,D,137,144
2023-03-26,Norte,A,291,293
2023-03-26,Norte,B,66,90
2023-03-26,Norte,C,360,229
2023-03-26,Norte,D,412,183
2023-03-26,Sur,A,70,151
2023-03-26,Sur,B,326,45
2023-03-26,Sur,C,91,72
2023-03-26,Sur,D,177,56
2023-03-26,Este,A,308,185
2023-03-26,Este,B,164,249
2023-03-26,Este,C,180,275
2023-03-26,Este,D,399,274
2023-03-26,Oeste,A,451,194
2023-03-26,Oeste,B,472,286
2023-03-26,Oeste,C,378,298
2023-03-26,Oeste,D,74,177
2023-03-27,Norte,A,199,156
2023-03-27,Norte,B,457,55
2023-03-27,Norte,C,270,189
2023-03-27,Norte,D,364,63
2023-03-27,Sur,A,187,213
2023-03-27,Sur,B,154,151
2023-03-27,Sur,C,374,36
2023-03-27,Sur,D,338,139
2023-03-27,Este,A,442,149
2023-03-27,Este,B,72,267
2023-03-27,Este,C,172,80
2023-03-27,Este,D,138,184
2023-03-27,Oeste,A,300,281
2023-03-27,Oeste,B,449,37
2023-03-27,Oeste,C,256,235
2023-03-27,Oeste,D,456,140
2023-03-28,Norte,A,62,21
2023-03-28,Norte,B,103,77
2023-03-28,Norte,C,382,165
2023-03-28,Norte,D,277,82
2023-03-28,Sur,A,378,237
2023-03-28,Sur,B,470,156
2023-03-28,Sur,C,62,249
2023-03-28,Sur,D,67,167
2023-03-28,Este,A,430,62
2023-03-28,Este,B,488,214
2023-03-28,Este,C,455,143
2023-03-28,Este,D,131,225
2023-03-28,Oeste,A,141,269
2023-03-28,Oeste,B,234,21
2023-03-28,Oeste,C,250,55
2023-03-28,Oeste,D,485,72
2023-03-29,Norte,A,266,85
2023-03-29,Norte,B,230,168
2023-03-29,Norte,C,196,262
2023-03-29,Norte,D,184,102
2023-03-29,Sur,A,369,284
2023-03-29,Sur,B,496,76
2023-03-29,Sur,C,235,232
2023-03-29,Sur,D,88,146
2023-03-29,Este,A,364,134
2023-03-29,Este,B,455,111
2023-03-29,Este,C,351,237
2023-03-29,Este,D,290,236
2023-03-29,Oeste,A,123,254
2023-03-29,Oeste,B,390,183
2023-03-29,Oeste,C,122,36
2023-03-29,Oeste,D,280,139
2023-03-30,Norte,A,141,43
2023-03-30,Norte,B,115,207
2023-03-30,Norte,C,82,113
2023-03-30,Norte,D,222,228
2023-03-30,Sur,A,146,144
2023-03-30,Sur,B,236,22
2023-03-30,Sur,C,245,62
2023-03-30,Sur,D,110,208
2023-03-30,Este,A,443,75
2023-03-30,Este,B,172,147
2023-03-30,Este,C,279,296
2023-03-30,Este,D,141,68
2023-03-30,Oeste,A,211,146
2023-03-30,Oeste,B,237,44
2023-03-30,Oeste,C,369,36
2023-03-30,Oeste,D,316,168
2023-03-31,Norte,A,475,187
2023-03-31,Norte,B,499,202
2023-03-31,Norte,C,164,278
2023-03-31,Norte,D,349,58
2023-03-31,Sur,A,120,69
2023-03-31,Sur,B,185,199
2023-03-31,Sur,C,487,72
2023-03-31,Sur,D,341,234
2023-03-31,Este,A,339,174
2023-03-31,Este,B,368,253
2023-03-31,Este,C,218,214
2023-03-31,Este,D,338,78
2023-03-31,Oeste,A,174,143
2023-03-31,Oeste,B,114,122
2023-03-31,Oeste,C,110,259
2023-03-31,Oeste,D,238,292
2023-04-01,Norte,A,189,147
2023-04-01,Norte,B,266,271
2023-04-01,Norte,C,344,292
2023-04-01,Norte,D,219,127
2023-04-01,Sur,A,341,143
2023-04-01,Sur,B,265,112
2023-04-01,Sur,C,381,89
2023-04-01,Sur,D,211,280
2023-04-01,Este,A,104,298
2023-04-01,Este,B,284,299
2023-04-01,Este,C,155,269
2023-04-01,Este,D,164,193
2023-04-01,Oeste,A,423,259
2023-04-01,Oeste,B,479,72
2023-04-01,Oeste,C,389,153
2023-04-01,Oeste,D,231,298
2023-04-02,Norte,A,296,259
2023-04-02,Norte,B,161,246
2023-04-02,Norte,C,253,159
2023-04-02,Norte,D,123,196
2023-04-02,Sur,A,107,77
2023-04-02,Sur,B,378,171
2023-04-02,Sur,C,481,179
2023-04-02,Sur,D,378,226
2023-04-02,Este,A,218,272
2023-04-02,Este,B,316,30
2023-04-02,Este,C,457,230
2023-04-02,Este,D,494,150
2023-04-02,Oeste,A,497,274
2023-04-02,Oeste,B,350,291
2023-04-02,Oeste,C,362,67
2023-04-02,Oeste,D,479,183
2023-04-03,Norte,A,385,189
2023-04-03,Norte,B,215,219
2023-04-03,Norte,C,307,181
2023-04-03,Norte,D,449,115
2023-04-03,Sur,A,395,220
2023-04-03,Sur,B,171,214
2023-04-03,Sur,C,139,108
2023-04-03,Sur,D,377,291
2023-04-03,Este,A,232,37
2023-04-03,Este,B,275,24
2023-04-03,Este,C,487,207
2023-04-03,Este,D,99,192
2023-04-03,Oeste,A,264,293
2023-04-03,Oeste,B,196,29
2023-04-03,Oeste,C,455,164
2023-04-03,Oeste,D,85,252
2023-04-04,Norte,A,121,29
2023-04-04,Norte,B,263,262
2023-04-04,Norte,C,262,244
2023-04-04,Norte,D,320,239
2023-04-04,Sur,A,484,198
2023-04-04,Sur,B,360,188
2023-04-04,Sur,C,129,87
2023-04-04,Sur,D,166,22
2023-04-04,Este,A,51,48
2023-04-04,Este,B,106,230
2023-04-04,Este,C,427,194
2023-04-04,Este,D,278,93
2023-04-04,Oeste,A,187,189
2023-04-04,Oeste,B,78,102
2023-04-04,Oeste,C,363,197
2023-04-04,Oeste,D,387,86
2023-04-05,Norte,A,146,277
2023-04-05,Norte,B,463,243
2023-04-05,Norte,C,273,176
2023-04-05,Norte,D,148,93
2023-04-05,Sur,A,359,212
2023-04-05,Sur,B,265,68
2023-04-05,Sur,C,160,64
2023-04-05,Sur,D,154,283
2023-04-05,Este,A,431,51
2023-04-05,Este,B,239,167
2023-04-05,Este,C,216,117
2023-04-05,Este,D,118,191
2023-04-05,Oeste,A,231,183
2023-04-05,Oeste,B,189,185
2023-04-05,Oeste,C,378,156
2023-04-05,Oeste,D,251,216
2023-04-06,Norte,A,431,188
2023-04-06,Norte,B,91,195
2023-04-06,Norte,C,66,195
2023-04-06,Norte,D,242,69
2023-04-06,Sur,A,285,140
2023-04-06,Sur,B,379,148
2023-04-06,Sur,C,272,202
2023-04-06,Sur,D,396,101
2023-04-06,Este,A,83,236
2023-04-06,Este,B,324,41
2023-04-06,Este,C,489,22
2023-04-06,Este,D,115,240
2023-04-06,Oeste,A,269,65
2023-04-06,Oeste,B,187,128
2023-04-06,Oeste,C,318,232
2023-04-06,Oeste,D,482,175
2023-04-07,Norte,A,250,223
2023-04-07,Norte,B,131,242
2023-04-07,Norte,C,258,281
2023-04-07,Norte,D,483,87
2023-04-07,Sur,A,249,186
2023-04-07,Sur,B,297,229
2023-04-07,Sur,C,285,235
2023-04-07,Sur,D,278,59
2023-04-07,Este,A,278,98
2023-04-07,Este,B,50,270
2023-04-07,Este,C,414,70
2023-04-07,Este,D,52,247
2023-04-07,Oeste,A,470,78
2023-04-07,Oeste,B,132,49
2023-04-07,Oeste,C,273,258
2023-04-07,Oeste,D,91,221
2023-04-08,Norte,A,74,80
2023-04-08,Norte,B,135,94
2023-04-08,Norte,C,277,183
2023-04-08,Norte,D,348,120
2023-04-08,Sur,A,105,27
2023-04-08,Sur,B,315,84
2023-04-08,Sur,C,65,159
2023-04-08,Sur,D,304,165
2023-04-08,Este,A,92,172
2023-04-08,Este,B,151,118
2023-04-08,Este,C,383,174
2023-04-08,Este,D,456,288
2023-04-08,Oeste,A,411,139
2023-04-08,Oeste,B,171,39
2023-04-08,Oeste,C,56,72
2023-04-08,Oeste,D,433,119
2023-04-09,Norte,A,299,163
2023-04-09,Norte,B,313,137
2023-04-09,Norte,C,221,122
2023-04-09,Norte,D,273,247
2023-04-09,Sur,A,490,276
2023-04-09,Sur,B,309,283
2023-04-09,Sur,C,287,90
2023-04-09,Sur,D,179,145
2023-04-09,Este,A,491,140
2023-04-09,Este,B,408,24
2023-04-09,Este,C,169,212
2023-04-09,Este,D,144,77
2023-04-09,Oeste,A,275,109
2023-04-09,Oeste,B,269,280
2023-04-09,Oeste,C,165,193
2023-04-09,Oeste,D,57,67
2023-04-10,Norte,A,104,121
2023-04-10,Norte,B,286,190
2023-04-10,Norte,C,227,221
2023-04-10,Norte,D,113,166
2023-04-10,Sur,A,338,115
2023-04-10,Sur,B,116,253
2023-04-10,Sur,C,310,139
2023-04-10,Sur,D,266,147
2023-04-10,Este,A,406,135
2023-04-10,Este,B,397,45
2023-04-10,Este,C,223,121
2023-04-10,Este,D,94,143
2023-04-10,Oeste,A,130,202
2023-04-10,Oeste,B,323,147
2023-04-10,Oeste,C,196,84
2023-04-10,Oeste,D,252,251
2023-04-11,Norte,A,265,182
2023-04-11,Norte,B,275,192
2023-04-11,Norte,C,170,280
2023-04-11,Norte,D,253,232
2023-04-11,Sur,A,444,36
2023-04-11,Sur,B,105,100
2023-04-11,Sur,C,175,298
2023-04-11,Sur,D,71,104
2023-04-11,Este,A,324,160
2023-04-11,Este,B,369,281
2023-04-11,Este,C,171,56
2023-04-11,Este,D,233,162
2023-04-11,Oeste,A,436,85
2023-04-11,Oeste,B,373,99
2023-04-11,Oeste,C,53,76
2023-04-11,Oeste,D,344,66
2023-04-12,Norte,A,176,169
2023-04-12,Norte,B,92,281
2023-04-12,Norte,C,73,198
2023-04-12,Norte,D,406,184
2023-04-12,Sur,A,193,59
2023-04-12,Sur,B,102,181
2023-04-12,Sur,C,159,27
2023-04-12,Sur,D,208,145
2023-04-12,Este,A,333,133
2023-04-12,Este,B,443,247
2023-04-12,Este,C,284,76
2023-04-12,Este,D,432,282
2023-04-12,Oeste,A,288,217
2023-04-12,Oeste,B,78,299
2023-04-12,Oeste,C,217,170
2023-04-12,Oeste,D,66,172
2023-04-13,Norte,A,356,95
2023-04-13,Norte,B,119,121
2023-04-13,Norte,C,324,202
2023-04-13,Norte,D,313,129
2023-04-13,Sur,A,186,163
2023-04-13,Sur,B,301,90
2023-04-13,Sur,C,126,116
2023-04-13,Sur,D,418,226
2023-04-13,Este,A,340,218
2023-04-13,Este,B,60,95
2023-04-13,Este,C,195,144
2023-04-13,Este,D,310,24
2023-04-13,Oeste,A,146,58
2023-04-13,Oeste,B,89,132
2023-04-13,Oeste,C,164,25
2023-04-13,Oeste,D,456,289
2023-04-14,Norte,A,409,21
2023-04-14,Norte,B,407,255
2023-04-14,Norte,C,289,227
2023-04-14,Norte,D,187,253
2023-04-14,Sur,A,52,209
2023-04-14,Sur,B,69,186
2023-04-14,Sur,C,311,47
2023-04-14,Sur,D,320,70
2023-04-14,Este,A,287,246
2023-04-14,Este,B,479,46
2023-04-14,Este,C,498,60
2023-04-14,Este,D,308,45
2023-04-14,Oeste,A,54,174
2023-04-14,Oeste,B,120,226
2023-04-14,Oeste,C,247,88
2023-04-14,Oeste,D,454,109
2023-04-15,Norte,A,372,194
2023-04-15,Norte,B,183,60
2023-04-15,Norte,C,53,54
2023-04-15,Norte,D,300,178
2023-04-15,Sur,A,227,274
2023-04-15,Sur,B,374,188
2023-04-15,Sur,C,442,113
2023-04-15,Sur,D,390,193
2023-04-15,Este,A,357,188
2023-04-15,Este,B,78,168
2023-04-15,Este,C,300,123
2023-04-15,Este,D,194,104
2023-04-15,Oeste,A,80,243
2023-04-15,Oeste,B,482,145
2023-04-15,Oeste,C,224,221
2023-04-15,Oeste,D,478,219
2023-04-16,Norte,A,323,43
2023-04-16,Norte,B,334,128
2023-04-16,Norte,C,381,160
2023-04-16,Norte,D,294,214
2023-04-16,Sur,A,75,258
2023-04-16,Sur,B,186,129
2023-04-16,Sur,C,313,26
2023-04-16,Sur,D,240,44
2023-04-16,Este,A,386,83
2023-04-16,Este,B,488,101
2023-04-16,Este,C,60,176
2023-04-16,Este,D,236,60
2023-04-16,Oeste,A,81,248
2023-04-16,Oeste,B,341,243
2023-04-16,Oeste,C,198,215
2023-04-16,Oeste,D,68,20
2023-04-17,Norte,A,380,291
2023-04-17,Norte,B,112,257
2023-04-17,Norte,C,133,54
2023-04-17,Norte,D,130,87
2023-04-17,Sur,A,180,167
2023-04-17,Sur,B,448,180
2023-04-17,Sur,C,206,187
2023-04-17,Sur,D,454,89
2023-04-17,Este,A,496,30
2023-04-17,Este,B,342,102
2023-04-17,Este,C,338,68
2023-04-17,Este,D,204,102
2023-04-17,Oeste,A,130,193
2023-04-17,Oeste,B,115,186
2023-04-17,Oeste,C,264,201
2023-04-17,Oeste,D,389,263
2023-04-18,Norte,A,336,100
2023-04-18,Norte,B,342,59
2023-04-18,Norte,C,198,139
2023-04-18,Norte,D,106,131
2023-04-18,Sur,A,419,110
2023-04-18,Sur,B,461,165
2023-04-18,Sur,C,69,202
2023-04-18,Sur,D,423,204
2023-04-18,Este,A,180,80
2023-04-18,Este,B,390,109
2023-04-18,Este,C,359,128
2023-04-18,Este,D,477,83
2023-04-18,Oeste,A,396,140
2023-04-18,Oeste,B,397,267
2023-04-18,Oeste,C,138,110
2023-04-18,Oeste,D,180,132
2023-04-19,Norte,A,281,213
2023-04-19,Norte,B,462,257
2023-04-19,Norte,C,203,204
2023-04-19,Norte,D,289,171
2023-04-19,Sur,A,91,114
2023-04-19,Sur,B,205,205
2023-04-19,Sur,C,414,229
2023-04-19,Sur,D,230,243
2023-04-19,Este,A,198,141
2023-04-19,Este,B,343,59
2023-04-19,Este,C,425,148
2023-04-19,Este,D,281,194
2023-04-19,Oeste,A,488,101
2023-04-19,Oeste,B,263,249
2023-04-19,Oeste,C,178,62
2023-04-19,Oeste,D,377,215
2023-04-20,Norte,A,295,267
2023-04-20,Norte,B,366,154
2023-04-20,Norte,C,390,164
2023-04-20,Norte,D,289,204
2023-04-20,Sur,A,282,216
2023-04-20,Sur,B,130,35
2023-04-20,Sur,C,222,198
2023-04-20,Sur,D,159,127
2023-04-20,Este,A,363,287
2023-04-20,Este,B,499,119
2023-04-20,Este,C,238,114
2023-04-20,Este,D,89,59
2023-04-20,Oeste,A,356,294
2023-04-20,Oeste,B,421,158
2023-04-20,Oeste,C,347,183
2023-04-20,Oeste,D,332,93
2023-04-21,Norte,A,167,282
2023-04-21,Norte,B,183,203
2023-04-21,Norte,C,302,113
2023-04-21,Norte,D,94,182
2023-04-21,Sur,A,259,258
2023-04-21,Sur,B,331,24
2023-04-21,Sur,C,273,181
2023-04-21,Sur,D,192,24
2023-04-21,Este,A,106,268
2023-04-21,Este,B,494,221
2023-04-21,Este,C,119,221
2023-04-21,Este,D,183,272
2023-04-21,Oeste,A,307,225
2023-04-21,Oeste,B,165,177
2023-04-21,Oeste,C,437,214
2023-04-21,Oeste,D,250,44
2023-04-22,Norte,A,394,271
2023-04-22,Norte,B,496,235
2023-04-22,Norte,C,438,87
2023-04-22,Norte,D,84,205
2023-04-22,Sur,A,165,97
2023-04-22,Sur,B,304,66
2023-04-22,Sur,C,293,186
2023-04-22,Sur,D,331,237
2023-04-22,Este,A,273,254
2023-04-22,Este,B,417,214
2023-04-22,Este,C,132,236
2023-04-22,Este,D,329,282
2023-04-22,Oeste,A,425,81
2023-04-22,Oeste,B,318,258
2023-04-22,Oeste,C,364,265
2023-04-22,Oeste,D,267,121
2023-04-23,Norte,A,127,171
2023-04-23,Norte,B,363,47
2023-04-23,Norte,C,350,118
2023-04-23,Norte,D,188,94
2023-04-23,Sur,A,256,194
2023-04-23,Sur,B,282,70
2023-04-23,Sur,C,376,252
2023-04-23,Sur,D,203,117
2023-04-23,Este,A,429,132
2023-04-23,Este,B,395,96
2023-04-23,Este,C,319,271
2023-04-23,Este,D,356,83
2023-04-23,Oeste,A,279,182
2023-04-23,Oeste,B,328,55
2023-04-23,Oeste,C,495,190
2023-04-23,Oeste,D,274,224
2023-04-24,Norte,A,332,126
2023-04-24,Norte,B,68,182
2023-04-24,Norte,C,122,46
2023-04-24,Norte,D,340,27
2023-04-24,Sur,A,370,92
2023-04-24,Sur,B,498,133
2023-04-24,Sur,C,394,243
2023-04-24,Sur,D,471,166
2023-04-24,Este,A,205,108
2023-04-24,Este,B,372,222
2023-04-24,Este,C,406,215
2023-04-24,Este,D,327,284
2023-04-24,Oeste,A,55,176
2023-04-24,Oeste,B,298,222
2023-04-24,Oeste,C,221,291
2023-04-24,Oeste,D,152,292
2023-04-25,Norte,A,62,268
2023-04-25,Norte,B,396,151
2023-04-25,Norte,C,483,24
2023-04-25,Norte,D,328,165
2023-04-25,Sur,A,337,263
2023-04-25,Sur,B,413,141
2023-04-25,Sur,C,127,154
2023-04-25,Sur,D,446,271
2023-04-25,Este,A,497,183
2023-04-25,Este,B,204,163
2023-04-25,Este,C,157,166
2023-04-25,Este,D,143,157
2023-04-25,Oeste,A,402,243
2023-04-25,Oeste,B,155,117
2023-04-25,Oeste,C,288,124
2023-04-25,Oeste,D,392,143
2023-04-26,Norte,A,443,220
2023-04-26,Norte,B,58,109
2023-04-26,Norte,C,282,69
2023-04-26,Norte,D,209,168
2023-04-26,Sur,A,52,251
2023-04-26,Sur,B,488,141
2023-04-26,Sur,C,80,150
2023-04-26,Sur,D,421,66
2023-04-26,Este,A,62,42
2023-04-26,Este,B,226,167
2023-04-26,Este,C,196,282
2023-04-26,Este,D,293,238
2023-04-26,Oeste,A,291,231
2023-04-26,Oeste,B,255,143
2023-04-26,Oeste,C,72,189
2023-04-26,Oeste,D,108,289
2023-04-27,Norte,A,428,240
2023-04-27,Norte,B,422,214
2023-04-27,Norte,C,221,170
2023-04-27,Norte,D,74,239
2023-04-27,Sur,A,327,273
2023-04-27,Sur,B,83,97
2023-04-27,Sur,C,260,139
2023-04-27,Sur,D,97,215
2023-04-27,Este,A,225,170
2023-04-27,Este,B,131,162
2023-04-27,Este,C,78,32
2023-04-27,Este,D,100,159
2023-04-27,Oeste,A,478,241
2023-04-27,Oeste,B,415,72
2023-04-27,Oeste,C,313,55
2023-04-27,Oeste,D,215,128
2023-04-28,Norte,A,298,228
2023-04-28,Norte,B,453,151
2023-04-28,Norte,C,155,174
2023-04-28,Norte,D,153,157
2023-04-28,Sur,A,110,63
2023-04-28,Sur,B,160,39
2023-04-28,Sur,C,485,108
2023-04-28,Sur,D,325,116
2023-04-28,Este,A,298,289
2023-04-28,Este,B,496,255
2023-04-28,Este,C,300,294
2023-04-28,Este,D,122,51
2023-04-28,Oeste,A,132,189
2023-04-28,Oeste,B,146,297
2023-04-28,Oeste,C,316,253
2023-04-28,Oeste,D,99,278
2023-04-29,Norte,A,174,286
2023-04-29,Norte,B,342,299
2023-04-29,Norte,C,460,195
2023-04-29,Norte,D,101,125
2023-04-29,Sur,A,344,236
2023-04-29,Sur,B,413,277
2023-04-29,Sur,C,448,85
2023-04-29,Sur,D,457,234
2023-04-29,Este,A,294,202
2023-04-29,Este,B,495,193
2023-04-29,Este,C,193,66
2023-04-29,Este,D,131,58
2023-04-29,Oeste,A,303,172
2023-04-29,Oeste,B,168,116
2023-04-29,Oeste,C,400,28
2023-04-29,Oeste,D,257,57
2023-04-30,Norte,A,204,288
2023-04-30,Norte,B,362,89
2023-04-30,Norte,C,88,56
2023-04-30,Norte,D,475,99
2023-04-30,Sur,A,64,143
2023-04-30,Sur,B,362,127
2023-04-30,Sur,C,368,226
2023-04-30,Sur,D,113,67
2023-04-30,Este,A,270,29
2023-04-30,Este,B,347,281
2023-04-30,Este,C,218,139
2023-04-30,Este,D,90,113
2023-04-30,Oeste,A,198,99
2023-04-30,Oeste,B,320,222
2023-04-30,Oeste,C,126,243
2023-04-30,Oeste,D,161,143
2023-05-01,Norte,A,129,75
2023-05-01,Norte,B,69,20
2023-05-01,Norte,C,490,135
2023-05-01,Norte,D,122,69
2023-05-01,Sur,A,280,112
2023-05-01,Sur,B,218,68
2023-05-01,Sur,C,430,143
2023-05-01,Sur,D,238,295
2023-05-01,Este,A,420,38
2023-05-01,Este,B,281,162
2023-05-01,Este,C,420,234
2023-05-01,Este,D,423,291
2023-05-01,Oeste,A,424,173
2023-05-01,Oeste,B,94,171
2023-05-01,Oeste,C,355,21
2023-05-01,Oeste,D,242,61
2023-05-02,Norte,A,437,266
2023-05-02,Norte,B,180,41
2023-05-02,Norte,C,334,100
2023-05-02,Norte,D,201,162
2023-05-02,Sur,A,161,176
2023-05-02,Sur,B,64,293
2023-05-02,Sur,C,289,48
2023-05-02,Sur,D,180,166
2023-05-02,Este,A,436,52
2023-05-02,Este,B,453,160
2023-05-02,Este,C,215,184
2023-05-02,Este,D,287,61
2023-05-02,Oeste,A,277,133
2023-05-02,Oeste,B,305,255
2023-05-02,Oeste,C,406,232
2023-05-02,Oeste,D,180,145
2023-05-03,Norte,A,99,30
2023-05-03,Norte,B,385,75
2023-05-03,Norte,C,362,227
2023-05-03,Norte,D,274,261
2023-05-03,Sur,A,443,185
2023-05-03,Sur,B,88,198
2023-05-03,Sur,C,271,20
2023-05-03,Sur,D,340,149
2023-05-03,Este,A,175,114
2023-05-03,Este,B,158,298
2023-05-03,Este,C,405,245
2023-05-03,Este,D,337,234
2023-05-03,Oeste,A,248,170
2023-05-03,Oeste,B,227,276
2023-05-03,Oeste,C,263,102
2023-05-03,Oeste,D,330,148
2023-05-04,Norte,A,490,239
2023-05-04,Norte,B,133,254
2023-05-04,Norte,C,420,120
2023-05-04,Norte,D,218,167
2023-05-04,Sur,A,152,143
2023-05-04,Sur,B,248,53
2023-05-04,Sur,C,101,154
2023-05-04,Sur,D,378,281
2023-05-04,Este,A,430,299
2023-05-04,Este,B,435,71
2023-05-04,Este,C,365,59
2023-05-04,Este,D,462,65
2023-05-04,Oeste,A,192,126
2023-05-04,Oeste,B,492,175
2023-05-04,Oeste,C,425,90
2023-05-04,Oeste,D,432,36
2023-05-05,Norte,A,345,220
2023-05-05,Norte,B,341,293
2023-05-05,Norte,C,384,151
2023-05-05,Norte,D,436,214
2023-05-05,Sur,A,303,150
2023-05-05,Sur,B,497,153
2023-05-05,Sur,C,155,56
2023-05-05,Sur,D,74,228
2023-05-05,Este,A,133,115
2023-05-05,Este,B,271,146
2023-05-05,Este,C,256,89
2023-05-05,Este,D,172,269
2023-05-05,Oeste,A,424,79
2023-05-05,Oeste,B,486,299
2023-05-05,Oeste,C,124,297
2023-05-05,Oeste,D,213,94
2023-05-06,Norte,A,413,197
2023-05-06,Norte,B,138,261
2023-05-06,Norte,C,322,244
2023-05-06,Norte,D,149,180
2023-05-06,Sur,A,218,165
2023-05-06,Sur,B,187,39
2023-05-06,Sur,C,89,117
2023-05-06,Sur,D,160,193
2023-05-06,Este,A,304,66
2023-05-06,Este,B,288,140
2023-05-06,Este,C,168,139
2023-05-06,Este,D,412,22
2023-05-06,Oeste,A,131,176
2023-05-06,Oeste,B,429,121
2023-05-06,Oeste,C,82,266
2023-05-06,Oeste,D,138,79
2023-05-07,Norte,A,173,272
2023-05-07,Norte,B,147,224
2023-05-07,Norte,C,153,284
2023-05-07,Norte,D,227,108
2023-05-07,Sur,A,419,106
2023-05-07,Sur,B,146,275
2023-05-07,Sur,C,270,102
2023-05-07,Sur,D,462,173
2023-05-07,Este,A,285,88
2023-05-07,Este,B,314,48
2023-05-07,Este,C,232,219
2023-05-07,Este,D,420,82
2023-05-07,Oeste,A,401,254
2023-05-07,Oeste,B,362,129
2023-05-07,Oeste,C,221,59
2023-05-07,Oeste,D,67,256
2023-05-08,Norte,A,137,76
2023-05-08,Norte,B,262,187
2023-05-08,Norte,C,259,298
2023-05-08,Norte,D,278,86
2023-05-08,Sur,A,462,68
2023-05-08,Sur,B,278,57
2023-05-08,Sur,C,103,26
2023-05-08,Sur,D,369,176
2023-05-08,Este,A,98,146
2023-05-08,Este,B,367,147
2023-05-08,Este,C,307,116
2023-05-08,Este,D,435,66
2023-05-08,Oeste,A,50,102
2023-05-08,Oeste,B,106,143
2023-05-08,Oeste,C,67,144
2023-05-08,Oeste,D,401,97
2023-05-09,Norte,A,460,99
2023-05-09,Norte,B,219,276
2023-05-09,Norte,C,122,156
2023-05-09,Norte,D,366,100
2023-05-09,Sur,A,221,134
2023-05-09,Sur,B,252,276
2023-05-09,Sur,C,303,118
2023-05-09,Sur,D,375,287
2023-05-09,Este,A,353,108
2023-05-09,Este,B,135,159
2023-05-09,Este,C,205,241
2023-05-09,Este,D,124,256
2023-05-09,Oeste,A,77,58
2023-05-09,Oeste,B,440,293
2023-05-09,Oeste,C,256,54
2023-05-09,Oeste,D,50,174
2023-05-10,Norte,A,61,142
2023-05-10,Norte,B,277,121
2023-05-10,Norte,C,79,73
2023-05-10,Norte,D,50,192
2023-05-10,Sur,A,119,273
2023-05-10,Sur,B,207,103
2023-05-10,Sur,C,170,111
2023-05-10,Sur,D,65,155
2023-05-10,Este,A,385,200
2023-05-10,Este,B,186,27
2023-05-10,Este,C,390,203
2023-05-10,Este,D,205,25
2023-05-10,Oeste,A,251,201
2023-05-10,Oeste,B,312,169
2023-05-10,Oeste,C,383,174
2023-05-10,Oeste,D,77,152
2023-05-11,Norte,A,493,256
2023-05-11,Norte,B,301,160
2023-05-11,Norte,C,192,261
2023-05-11,Norte,D,164,239
2023-05-11,Sur,A,83,232
2023-05-11,Sur,B,297,297
2023-05-11,Sur,C,331,231
2023-05-11,Sur,D,51,152
2023-05-11,Este,A,357,25
2023-05-11,Este,B,430,230
2023-05-11,Este,C,128,241
2023-05-11,Este,D,182,296
2023-05-11,Oeste,A,225,260
2023-05-11,Oeste,B,93,178
2023-05-11,Oeste,C,119,42
2023-05-11,Oeste,D,493,148
2023-05-12,Norte,A,354,171
2023-05-12,Norte,B,444,86
2023-05-12,Norte,C,348,219
2023-05-12,Norte,D,145,207
2023-05-12,Sur,A,453,44
2023-05-12,Sur,B,465,246
2023-05-12,Sur,C,52,123
2023-05-12,Sur,D,203,268
2023-05-12,Este,A,408,79
2023-05-12,Este,B,81,176
2023-05-12,Este,C,73,246
2023-05-12,Este,D,461,287
2023-05-12,Oeste,A,98,170
2023-05-12,Oeste,B,213,293
2023-05-12,Oeste,C,203,123
2023-05-12,Oeste,D,183,92
2023-05-13,Norte,A,304,20
2023-05-13,Norte,B,378,270
2023-05-13,Norte,C,405,286
2023-05-13,Norte,D,91,190
2023-05-13,Sur,A,234,83
2023-05-13,Sur,B,147,294
2023-05-13,Sur,C,72,127
2023-05-13,Sur,D,73,267
2023-05-13,Este,A,121,61
2023-05-13,Este,B,209,54
2023-05-13,Este,C,457,119
2023-05-13,Este,D,349,90
2023-05-13,Oeste,A,182,122
2023-05-13,Oeste,B,340,120
2023-05-13,Oeste,C,452,121
2023-05-13,Oeste,D,54,228
2023-05-14,Norte,A,365,229
2023-05-14,Norte,B,356,225
2023-05-14,Norte,C,453,281
2023-05-14,Norte,D,199,138
2023-05-14,Sur,A,461,273
2023-05-14,Sur,B,163,293
2023-05-14,Sur,C,484,130
2023-05-14,Sur,D,404,36
2023-05-14,Este,A,65,291
2023-05-14,Este,B,342,281
2023-05-14,Este,C,225,107
2023-05-14,Este,D,304,282
2023-05-14,Oeste,A,389,290
2023-05-14,Oeste,B,319,61
2023-05-14,Oeste,C,378,209
2023-05-14,Oeste,D,437,40
2023-05-15,Norte,A,419,97
2023-05-15,Norte,B,440,165
2023-05-15,Norte,C,62,242
2023-05-15,Norte,D,252,114
2023-05-15,Sur,A,169,255
2023-05-15,Sur,B,369,179
2023-05-15,Sur,C,380,243
2023-05-15,Sur,D,180,205
2023-05-15,Este,A,272,41
2023-05-15,Este,B,224,83
2023-05-15,Este,C,196,108
2023-05-15,Este,D,358,56
2023-05-15,Oeste,A,177,208
2023-05-15,Oeste,B,488,150
2023-05-15,Oeste,C,73,187
2023-05-15,Oeste,D,196,111
2023-05-16,Norte,A,168,274
2023-05-16,Norte,B,150,214
2023-05-16,Norte,C,98,64
2023-05-16,Norte,D,448,192
2023-05-16,Sur,A,155,252
2023-05-16,Sur,B,300,55
2023-05-16,Sur,C,97,36
2023-05-16,Sur,D,107,51
2023-05-16,Este,A,60,242
2023-05-16,Este,B,414,56
2023-05-16,Este,C,321,225
2023-05-16,Este,D,408,112
2023-05-16,Oeste,A,127,89
2023-05-16,Oeste,B,141,63
2023-05-16,Oeste,C,409,85
2023-05-16,Oeste,D,496,27
2023-05-17,Norte,A,219,130
2023-05-17,Norte,B,457,117
2023-05-17,Norte,C,264,134
2023-05-17,Norte,D,111,233
2023-05-17,Sur,A,92,107
2023-05-17,Sur,B,467,211
2023-05-17,Sur,C,265,181
2023-05-17,Sur,D,294,59
2023-05-17,Este,A,441,244
2023-05-17,Este,B,390,183
2023-05-17,Este,C,260,203
2023-05-17,Este,D,454,184
2023-05-17,Oeste,A,466,229
2023-05-17,Oeste,B,485,227
2023-05-17,Oeste,C,442,31
2023-05-17,Oeste,D,194,238
2023-05-18,Norte,A,423,89
2023-05-18,Norte,B,251,195
2023-05-18,Norte,C,181,117
2023-05-18,Norte,D,158,118
2023-05-18,Sur,A,385,203
2023-05-18,Sur,B,282,172
2023-05-18,Sur,C,306,275
2023-05-18,Sur,D,278,150
2023-05-18,Este,A,434,221
2023-05-18,Este,B,268,185
2023-05-18,Este,C,146,221
2023-05-18,Este,D,304,263
2023-05-18,Oeste,A,87,70
2023-05-18,Oeste,B,231,111
2023-05-18,Oeste,C,324,178
2023-05-18,Oeste,D,222,168
2023-05-19,Norte,A,223,211
2023-05-19,Norte,B,197,62
2023-05-19,Norte,C,65,273
2023-05-19,Norte,D,103,86
2023-05-19,Sur,A,181,262
2023-05-19,Sur,B,416,34
2023-05-19,Sur,C,408,117
2023-05-19,Sur,D,368,209
2023-05-19,Este,A,396,136
2023-05-19,Este,B,499,199
2023-05-19,Este,C,467,271
2023-05-19,Este,D,474,247
2023-05-19,Oeste,A,361,133
2023-05-19,Oeste,B,66,30
2023-05-19,Oeste,C,469,157
2023-05-19,Oeste,D,222,232
2023-05-20,Norte,A,458,78
2023-05-20,Norte,B,169,81
2023-05-20,Norte,C,168,59
2023-05-20,Norte,D,94,227
2023-05-20,Sur,A,269,76
2023-05-20,Sur,B,112,137
2023-05-20,Sur,C,476,98
2023-05-20,Sur,D,469,121
2023-05-20,Este,A,349,273
2023-05-20,Este,B,479,139
2023-05-20,Este,C,353,157
2023-05-20,Este,D,438,174
2023-05-20,Oeste,A,178,246
2023-05-20,Oeste,B,487,242
2023-05-20,Oeste,C,383,73
2023-05-20,Oeste,D,368,207
2023-05-21,Norte,A,404,123
2023-05-21,Norte,B,231,269
2023-05-21,Norte,C,486,261
2023-05-21,Norte,D,194,131
2023-05-21,Sur,A,408,99
2023-05-21,Sur,B,317,231
2023-05-21,Sur,C,430,50
2023-05-21,Sur,D,384,149
2023-05-21,Este,A,459,213
2023-05-21,Este,B,123,238
2023-05-21,Este,C,268,105
2023-05-21,Este,D,255,253
2023-05-21,Oeste,A,78,232
2023-05-21,Oeste,B,179,52
2023-05-21,Oeste,C,347,36
2023-05-21,Oeste,D,247,298
2023-05-22,Norte,A,269,267
2023-05-22,Norte,B,127,82
2023-05-22,Norte,C,222,144
2023-05-22,Norte,D,140,260
2023-05-22,Sur,A,120,281
2023-05-22,Sur,B,219,257
2023-05-22,Sur,C,211,125
2023-05-22,Sur,D,400,39
2023-05-22,Este,A,72,288
2023-05-22,Este,B,164,290
2023-05-22,Este,C,338,295
2023-05-22,Este,D,443,244
2023-05-22,Oeste,A,123,178
2023-05-22,Oeste,B,372,133
2023-05-22,Oeste,C,53,95
2023-05-22,Oeste,D,162,242
2023-05-23,Norte,A,104,103
2023-05-23,Norte,B,53,183
2023-05-23,Norte,C,344,178
2023-05-23,Norte,D,183,254
2023-05-23,Sur,A,74,99
2023-05-23,Sur,B,260,206
2023-05-23,Sur,C,159,86
2023-05-23,Sur,D,391,67
2023-05-23,Este,A,338,101
2023-05-23,Este,B,445,288
2023-05-23,Este,C,447,77
2023-05-23,Este,D,414,251
2023-05-23,Oeste,A,204,261
2023-05-23,Oeste,B,458,74
2023-05-23,Oeste,C,454,226
2023-05-23,Oeste,D,218,77
2023-05-24,Norte,A,205,99
2023-05-24,Norte,B,265,280
2023-05-24,Norte,C,356,140
2023-05-24,Norte,D,403,35
2023-05-24,Sur,A,224,169
2023-05-24,Sur,B,457,196
2023-05-24,Sur,C,105,290
2023-05-24,Sur,D,419,61
2023-05-24,Este,A,337,129
2023-05-24,Este,B,478,73
2023-05-24,Este,C,89,250
2023-05-24,Este,D,307,184
2023-05-24,Oeste,A,80,135
2023-05-24,Oeste,B,69,88
2023-05-24,Oeste,C,490,268
2023-05-24,Oeste,D,315,265
2023-05-25,Norte,A,102,21
2023-05-25,Norte,B,313,59
2023-05-25,Norte,C,349,197
2023-05-25,Norte,D,374,34
2023-05-25,Sur,A,62,234
2023-05-25,Sur,B,368,231
2023-05-25,Sur,C,124,31
2023-05-25,Sur,D,233,97
2023-05-25,Este,A,419,93
2023-05-25,Este,B,424,287
2023-05-25,Este,C,417,178
2023-05-25,Este,D,469,274
2023-05-25,Oeste,A,135,214
2023-05-25,Oeste,B,290,270
2023-05-25,Oeste,C,172,125
2023-05-25,Oeste,D,306,171
2023-05-26,Norte,A,190,201
2023-05-26,Norte,B,78,165
2023-05-26,Norte,C,494,86
2023-05-26,Norte,D,76,194
2023-05-26,Sur,A,103,258
2023-05-26,Sur,B,304,195
2023-05-26,Sur,C,276,242
2023-05-26,Sur,D,483,181
2023-05-26,Este,A,321,44
2023-05-26,Este,B,110,62
2023-05-26,Este,C,402,209
2023-05-26,Este,D,191,40
2023-05-26,Oeste,A,230,237
2023-05-26,Oeste,B,79,268
2023-05-26,Oeste,C,205,125
2023-05-26,Oeste,D,430,202
2023-05-27,Norte,A,334,242
2023-05-27,Norte,B,280,218
2023-05-27,Norte,C,282,30
2023-05-27,Norte,D,378,298
2023-05-27,Sur,A,252,81
2023-05-27,Sur,B,166,275
2023-05-27,Sur,C,317,105
2023-05-27,Sur,D,242,176
2023-05-27,Este,A,230,278
2023-05-27,Este,B,181,34
2023-05-27,Este,C,149,50
2023-05-27,Este,D,477,139
2023-05-27,Oeste,A,404,216
2023-05-27,Oeste,B,196,78
2023-05-27,Oeste,C,393,236
2023-05-27,Oeste,D,476,234
2023-05-28,Norte,A,117,277
2023-05-28,Norte,B,386,277
2023-05-28,Norte,C,497,231
2023-05-28,Norte,D,343,269
2023-05-28,Sur,A,303,281
2023-05-28,Sur,B,77,143
2023-05-28,Sur,C,180,82
2023-05-28,Sur,D,105,141
2023-05-28,Este,A,409,225
2023-05-28,Este,B,55,55
2023-05-28,Este,C,134,58
2023-05-28,Este,D,239,188
2023-05-28,Oeste,A,393,259
2023-05-28,Oeste,B,74,102
2023-05-28,Oeste,C,225,250
2023-05-28,Oeste,D,392,191
2023-05-29,Norte,A,399,34
2023-05-29,Norte,B,456,22
2023-05-29,Norte,C,95,227
2023-05-29,Norte,D,146,51
2023-05-29,Sur,A,172,283
2023-05-29,Sur,B,149,63
2023-05-29,Sur,C,139,140
2023-05-29,Sur,D,94,275
2023-05-29,Este,A,487,289
2023-05-29,Este,B,420,75
2023-05-29,Este,C,259,44
2023-05-29,Este,D,85,144
2023-05-29,Oeste,A,104,217
2023-05-29,Oeste,B,95,164
2023-05-29,Oeste,C,210,104
2023-05-29,Oeste,D,417,287
2023-05-30,Norte,A,224,216
2023-05-30,Norte,B,313,40
2023-05-30,Norte,C,458,135
2023-05-30,Norte,D,119,127
2023-05-30,Sur,A,453,277
2023-05-30,Sur,B,338,61
2023-05-30,Sur,C,416,267
2023-05-30,Sur,D,294,246
2023-05-30,Este,A,440,232
2023-05-30,Este,B,255,142
2023-05-30,Este,C,96,77
2023-05-30,Este,D,230,101
2023-05-30,Oeste,A,286,101
2023-05-30,Oeste,B,317,68
2023-05-30,Oeste,C,347,170
2023-05-30,Oeste,D,420,90
2023-05-31,Norte,A,468,179
2023-05-31,Norte,B,67,198
2023-05-31,Norte,C,240,158
2023-05-31,Norte,D,134,192
2023-05-31,Sur,A,217,121
2023-05-31,Sur,B,128,257
2023-05-31,Sur,C,219,124
2023-05-31,Sur,D,372,159
2023-05-31,Este,A,236,165
2023-05-31,Este,B,232,186
2023-05-31,Este,C,139,270
2023-05-31,Este,D,74,203
2023-05-31,Oeste,A,271,239
2023-05-31,Oeste,B,122,247
2023-05-31,Oeste,C,100,92
2023-05-31,Oeste,D,116,149
2023-06-01,Norte,A,422,290
2023-06-01,Norte,B,449,164
2023-06-01,Norte,C,177,289
2023-06-01,Norte,D,466,132
2023-06-01,Sur,A,219,126
2023-06-01,Sur,B,156,25
2023-06-01,Sur,C,53,234
2023-06-01,Sur,D,368,169
2023-06-01,Este,A,339,115
2023-06-01,Este,B,71,80
2023-06-01,Este,C,351,103
2023-06-01,Este,D,496,133
2023-06-01,Oeste,A,188,113
2023-06-01,Oeste,B,171,52
2023-06-01,Oeste,C,475,40
2023-06-01,Oeste,D,430,182
2023-06-02,Norte,A,256,290
2023-06-02,Norte,B,368,269
2023-06-02,Norte,C,73,180
2023-06-02,Norte,D,122,96
2023-06-02,Sur,A,149,161
2023-06-02,Sur,B,315,286
2023-06-02,Sur,C,75,102
2023-06-02,Sur,D,275,246
2023-06-02,Este,A,105,148
2023-06-02,Este,B,462,46
2023-06-02,Este,C,365,209
2023-06-02,Este,D,225,53
2023-06-02,Oeste,A,241,83
2023-06-02,Oeste,B,242,296
2023-06-02,Oeste,C,202,82
2023-06-02,Oeste,D,229,48
2023-06-03,Norte,A,151,93
2023-06-03,Norte,B,65,104
2023-06-03,Norte,C,146,263
2023-06-03,Norte,D,257,148
2023-06-03,Sur,A,182,110
2023-06-03,Sur,B,491,158
2023-06-03,Sur,C,111,189
2023-06-03,Sur,D,278,170
2023-06-03,Este,A,329,189
2023-06-03,Este,B,409,109
2023-06-03,Este,C,340,283
2023-06-03,Este,D,94,94
2023-06-03,Oeste,A,355,35
2023-06-03,Oeste,B,362,125
2023-06-03,Oeste,C,252,154
2023-06-03,Oeste,D,389,84
2023-06-04,Norte,A,149,192
2023-06-04,Norte,B,133,216
2023-06-04,Norte,C,213,170
2023-06-04,Norte,D,397,56
2023-06-04,Sur,A,429,50
2023-06-04,Sur,B,256,208
2023-06-04,Sur,C,322,40
2023-06-04,Sur,D,222,115
2023-06-04,Este,A,292,129
2023-06-04,Este,B,63,284
2023-06-04,Este,C,208,261
2023-06-04,Este,D,174,35
2023-06-04,Oeste,A,411,86
2023-06-04,Oeste,B,268,266
2023-06-04,Oeste,C,414,227
2023-06-04,Oeste,D,91,191
2023-06-05,Norte,A,106,95
2023-06-05,Norte,B,443,223
2023-06-05,Norte,C,104,263
2023-06-05,Norte,D,305,259
2023-06-05,Sur,A,357,272
2023-06-05,Sur,B,183,160
2023-06-05,Sur,C,213,297
2023-06-05,Sur,D,291,136
2023-06-05,Este,A,409,63
2023-06-05,Este,B,216,34
2023-06-05,Este,C,396,141
2023-06-05,Este,D,117,56
2023-06-05,Oeste,A,428,59
2023-06-05,Oeste,B,459,72
2023-06-05,Oeste,C,448,268
2023-06-05,Oeste,D,100,86
2023-06-06,Norte,A,444,228
2023-06-06,Norte,B,475,282
2023-06-06,Norte,C,351,128
2023-06-06,Norte,D,445,20
2023-06-06,Sur,A,203,195
2023-06-06,Sur,B,428,192
2023-06-06,Sur,C,80,103
2023-06-06,Sur,D,370,180
2023-06-06,Este,A,283,291
2023-06-06,Este,B,311,287
2023-06-06,Este,C,259,129
2023-06-06,Este,D,206,196
2023-06-06,Oeste,A,79,168
2023-06-06,Oeste,B,397,71
2023-06-06,Oeste,C,243,200
2023-06-06,Oeste,D,294,128
2023-06-07,Norte,A,398,295
2023-06-07,Norte,B,272,156
2023-06-07,Norte,C,317,125
2023-06-07,Norte,D,461,82
2023-06-07,Sur,A,91,297
2023-06-07,Sur,B,160,248
2023-06-07,Sur,C,272,103
2023-06-07,Sur,D,231,123
2023-06-07,Este,A,273,151
2023-06-07,Este,B,446,211
2023-06-07,Este,C,343,87
2023-06-07,Este,D,247,292
2023-06-07,Oeste,A,357,158
2023-06-07,Oeste,B,418,55
2023-06-07,Oeste,C,165,54
2023-06-07,Oeste,D,454,96
2023-06-08,Norte,A,343,265
2023-06-08,Norte,B,434,256
2023-06-08,Norte,C,77,235
2023-06-08,Norte,D,268,181
2023-06-08,Sur,A,443,168
2023-06-08,Sur,B,259,65
2023-06-08,Sur,C,452,265
2023-06-08,Sur,D,202,148
2023-06-08,Este,A,298,85
2023-06-08,Este,B,297,153
2023-06-08,Este,C,346,147
2023-06-08,Este,D,246,290
2023-06-08,Oeste,A,452,241
2023-06-08,Oeste,B,80,28
2023-06-08,Oeste,C,135,99
2023-06-08,Oeste,D,297,82
2023-06-09,Norte,A,370,170
2023-06-09,Norte,B,383,237
2023-06-09,Norte,C,157,203
2023-06-09,Norte,D,369,43
2023-06-09,Sur,A,464,39
2023-06-09,Sur,B,484,281
2023-06-09,Sur,C,246,70
2023-06-09,Sur,D,116,212
2023-06-09,Este,A,124,239
2023-06-09,Este,B,313,36
2023-06-09,Este,C,337,113
2023-06-09,Este,D,150,237
2023-06-09,Oeste,A,301,88
2023-06-09,Oeste,B,95,137
2023-06-09,Oeste,C,234,218
2023-06-09,Oeste,D,490,275
2023-06-10,Norte,A,363,249
2023-06-10,Norte,B,298,227
2023-06-10,Norte,C,447,239
2023-06-10,Norte,D,361,86
2023-06-10,Sur,A,324,161
2023-06-10,Sur,B,289,141
2023-06-10,Sur,C,217,38
2023-06-10,Sur,D,145,274
2023-06-10,Este,A,277,246
2023-06-10,Este,B,357,105
2023-06-10,Este,C,182,41
2023-06-10,Este,D,460,228
2023-06-10,Oeste,A,306,137
2023-06-10,Oeste,B,363,112
2023-06-10,Oeste,C,82,54
2023-06-10,Oeste,D,381,35
2023-06-11,Norte,A,234,133
2023-06-11,Norte,B,61,185
2023-06-11,Norte,C,55,23
2023-06-11,Norte,D,497,92
2023-06-11,Sur,A,104,227
2023-06-11,Sur,B,209,138
2023-06-11,Sur,C,85,120
2023-06-11,Sur,D,313,130
2023-06-11,Este,A,153,88
2023-06-11,Este,B,489,202
2023-06-11,Este,C,366,73
2023-06-11,Este,D,241,204
2023-06-11,Oeste,A,104,274
2023-06-11,Oeste,B,207,83
2023-06-11,Oeste,C,108,269
2023-06-11,Oeste,D,83,183
2023-06-12,Norte,A,465,277
2023-06-12,Norte,B,150,219
2023-06-12,Norte,C,240,155
2023-06-12,Norte,D,142,188
2023-06-12,Sur,A,497,126
2023-06-12,Sur,B,450,168
2023-06-12,Sur,C,173,258
2023-06-12,Sur,D,378,158
2023-06-12,Este,A,164,112
2023-06-12,Este,B,401,58
2023-06-12,Este,C,445,279
2023-06-12,Este,D,107,105
2023-06-12,Oeste,A,332,272
2023-06-12,Oeste,B,146,253
2023-06-12,Oeste,C,89,186
2023-06-12,Oeste,D,322,124
2023-06-13,Norte,A,399,256
2023-06-13,Norte,B,79,88
2023-06-13,Norte,C,89,103
2023-06-13,Norte,D,75,23
2023-06-13,Sur,A,272,59
2023-06-13,Sur,B,380,86
2023-06-13,Sur,C,247,231
2023-06-13,Sur,D,93,177
2023-06-13,Este,A,478,122
2023-06-13,Este,B,387,227
2023-06-13,Este,C,255,64
2023-06-13,Este,D,428,179
2023-06-13,Oeste,A,290,30
2023-06-13,Oeste,B,382,262
2023-06-13,Oeste,C,344,195
2023-06-13,Oeste,D,343,147
2023-06-14,Norte,A,403,212
2023-06-14,Norte,B,263,203
2023-06-14,Norte,C,200,200
2023-06-14,Norte,D,104,209
2023-06-14,Sur,A,222,157
2023-06-14,Sur,B,328,205
2023-06-14,Sur,C,396,262
2023-06-14,Sur,D,389,59
2023-06-14,Este,A,180,251
2023-06-14,Este,B,351,144
2023-06-14,Este,C,50,23
2023-06-14,Este,D,216,54
2023-06-14,Oeste,A,257,144
2023-06-14,Oeste,B,122,34
2023-06-14,Oeste,C,234,61
2023-06-14,Oeste,D,73,93
2023-06-15,Norte,A,255,229
2023-06-15,Norte,B,186,183
2023-06-15,Norte,C,486,241
2023-06-15,Norte,D,163,75
2023-06-15,Sur,A,427,77
2023-06-15,Sur,B,347,78
2023-06-15,Sur,C,95,34
2023-06-15,Sur,D,245,73
2023-06-15,Este,A,170,298
2023-06-15,Este,B,125,178
2023-06-15,Este,C,171,232
2023-06-15,Este,D,325,150
2023-06-15,Oeste,A,95,197
2023-06-15,Oeste,B,342,129
2023-06-15,Oeste,C,209,51
2023-06-15,Oeste,D,345,44
2023-06-16,Norte,A,473,259
2023-06-16,Norte,B,449,197
2023-06-16,Norte,C,261,82
2023-06-16,Norte,D,477,212
2023-06-16,Sur,A,426,286
2023-06-16,Sur,B,450,96
2023-06-16,Sur,C,254,276
2023-06-16,Sur,D,161,238
2023-06-16,Este,A,101,24
2023-06-16,Este,B,159,279
2023-06-16,Este,C,259,251
2023-06-16,Este,D,138,210
2023-06-16,Oeste,A,324,53
2023-06-16,Oeste,B,264,49
2023-06-16,Oeste,C,238,233
2023-06-16,Oeste,D,400,229
2023-06-17,Norte,A,350,299
2023-06-17,Norte,B,340,129
2023-06-17,Norte,C,120,223
2023-06-17,Norte,D,335,198
2023-06-17,Sur,A,158,114
2023-06-17,Sur,B,374,172
2023-06-17,Sur,C,126,173
2023-06-17,Sur,D,81,104
2023-06-17,Este,A,416,51
2023-06-17,Este,B,435,90
2023-06-17,Este,C,374,233
2023-06-17,Este,D,148,147
2023-06-17,Oeste,A,307,27
2023-06-17,Oeste,B,143,199
2023-06-17,Oeste,C,378,138
2023-06-17,Oeste,D,134,221
2023-06-18,Norte,A,326,194
2023-06-18,Norte,B,128,25
2023-06-18,Norte,C,467,263
2023-06-18,Norte,D,377,206
2023-06-18,Sur,A,419,131
2023-06-18,Sur,B,299,265
2023-06-18,Sur,C,305,58
2023-06-18,Sur,D,289,114
2023-06-18,Este,A,183,79
2023-06-18,Este,B,116,98
2023-06-18,Este,C,59,219
2023-06-18,Este,D,280,27
2023-06-18,Oeste,A,468,158
2023-06-18,Oeste,B,195,227
2023-06-18,Oeste,C,86,89
2023-06-18,Oeste,D,212,98
2023-06-19,Norte,A,407,173
2023-06-19,Norte,B,168,274
2023-06-19,Norte,C,350,193
2023-06-19,Norte,D,438,176
2023-06-19,Sur,A,340,288
2023-06-19,Sur,B,292,61
2023-06-19,Sur,C,51,148
2023-06-19,Sur,D,220,249
2023-06-19,Este,A,321,84
2023-06-19,Este,B,174,287
2023-06-19,Este,C,245,46
2023-06-19,Este,D,199,130
2023-06-19,Oeste,A,378,246
2023-06-19,Oeste,B,140,126
2023-06-19,Oeste,C,466,62
2023-06-19,Oeste,D,323,33
2023-06-20,Norte,A,231,239
2023-06-20,Norte,B,359,146
2023-06-20,Norte,C,306,241
2023-06-20,Norte,D,447,269
2023-06-20,Sur,A,214,73
2023-06-20,Sur,B,480,124
2023-06-20,Sur,C,241,277
2023-06-20,Sur,D,361,43
2023-06-20,Este,A,280,190
2023-06-20,Este,B,278,229
2023-06-20,Este,C,158,44
2023-06-20,Este,D,291,264
2023-06-20,Oeste,A,142,194
2023-06-20,Oeste,B,442,152
2023-06-20,Oeste,C,142,20
2023-06-20,Oeste,D,382,208
2023-06-21,Norte,A,417,295
2023-06-21,Norte,B,418,46
2023-06-21,Norte,C,187,134
2023-06-21,Norte,D,469,253
2023-06-21,Sur,A,404,38
2023-06-21,Sur,B,74,211
2023-06-21,Sur,C,485,184
2023-06-21,Sur,D,165,64
2023-06-21,Este,A,485,20
2023-06-21,Este,B,465,205
2023-06-21,Este,C,463,41
2023-06-21,Este,D,291,70
2023-06-21,Oeste,A,86,274
2023-06-21,Oeste,B,452,267
2023-06-21,Oeste,C,97,109
2023-06-21,Oeste,D,247,52
2023-06-22,Norte,A,465,98
2023-06-22,Norte,B,398,165
2023-06-22,Norte,C,92,284
2023-06-22,Norte,D,462,29
2023-06-22,Sur,A,309,139
2023-06-22,Sur,B,216,289
2023-06-22,Sur,C,379,267
2023-06-22,Sur,D,308,283
2023-06-22,Este,A,124,250
2023-06-22,Este,B,358,227
2023-06-22,Este,C,493,255
2023-06-22,Este,D,452,153
2023-06-22,Oeste,A,151,76
2023-06-22,Oeste,B,368,101
2023-06-22,Oeste,C,128,86
2023-06-22,Oeste,D,431,72
2023-06-23,Norte,A,387,239
2023-06-23,Norte,B,482,78
2023-06-23,Norte,C,94,221
2023-06-23,Norte,D,222,222
2023-06-23,Sur,A,479,269
2023-06-23,Sur,B,471,38
2023-06-23,Sur,C,88,150
2023-06-23,Sur,D,313,189
2023-06-23,Este,A,226,65
2023-06-23,Este,B,204,234
2023-06-23,Este,C,184,160
2023-06-23,Este,D,303,101
2023-06-23,Oeste,A,310,86
2023-06-23,Oeste,B,101,47
2023-06-23,Oeste,C,361,269
2023-06-23,Oeste,D,367,109
2023-06-24,Norte,A,101,264
2023-06-24,Norte,B,247,48
2023-06-24,Norte,C,84,257
2023-06-24,Norte,D,323,278
2023-06-24,Sur,A,254,195
2023-06-24,Sur,B,333,236
2023-06-24,Sur,C,279,34
2023-06-24,Sur,D,326,158
2023-06-24,Este,A,377,104
2023-06-24,Este,B,307,191
2023-06-24,Este,C,74,93
2023-06-24,Este,D,492,155
2023-06-24,Oeste,A,417,128
2023-06-24,Oeste,B,286,59
2023-06-24,Oeste,C,334,133
2023-06-24,Oeste,D,284,46
2023-06-25,Norte,A,447,284
2023-06-25,Norte,B,139,112
2023-06-25,Norte,C,389,235
2023-06-25,Norte,D,64,43
2023-06-25,Sur,A,355,271
2023-06-25,Sur,B,412,203
2023-06-25,Sur,C,63,114
2023-06-25,Sur,D,420,57
2023-06-25,Este,A,468,153
2023-06-25,Este,B,297,251
2023-06-25,Este,C,159,242
2023-06-25,Este,D,221,108
2023-06-25,Oeste,A,59,231
2023-06-25,Oeste,B,458,102
2023-06-25,Oeste,C,57,285
2023-06-25,Oeste,D,90,277
2023-06-26,Norte,A,264,128
2023-06-26,Norte,B,394,116
2023-06-26,Norte,C,274,225
2023-06-26,Norte,D,287,256
2023-06-26,Sur,A,113,232
2023-06-26,Sur,B,334,290
2023-06-26,Sur,C,65,96
2023-06-26,Sur,D,369,139
2023-06-26,Este,A,360,159
2023-06-26,Este,B,489,38
2023-06-26,Este,C,465,201
2023-06-26,Este,D,450,211
2023-06-26,Oeste,A,290,200
2023-06-26,Oeste,B,225,239
2023-06-26,Oeste,C,422,156
2023-06-26,Oeste,D,333,191
2023-06-27,Norte,A,225,45
2023-06-27,Norte,B,95,288
2023-06-27,Norte,C,484,281
2023-06-27,Norte,D,238,155
2023-06-27,Sur,A,154,294
2023-06-27,Sur,B,480,181
2023-06-27,Sur,C,327,100
2023-06-27,Sur,D,259,270
2023-06-27,Este,A,261,226
2023-06-27,Este,B,110,231
2023-06-27,Este,C,461,192
2023-06-27,Este,D,137,51
2023-06-27,Oeste,A,438,28
2023-06-27,Oeste,B,486,99
2023-06-27,Oeste,C,149,72
2023-06-27,Oeste,D,452,204
2023-06-28,Norte,A,323,186
2023-06-28,Norte,B,254,159
2023-06-28,Norte,C,326,68
2023-06-28,Norte,D,478,264
2023-06-28,Sur,A,299,101
2023-06-28,Sur,B,205,85
2023-06-28,Sur,C,429,149
2023-06-28,Sur,D,349,180
2023-06-28,Este,A,430,37
2023-06-28,Este,B,401,149
2023-06-28,Este,C,406,286
2023-06-28,Este,D,454,136
2023-06-28,Oeste,A,179,141
2023-06-28,Oeste,B,192,70
2023-06-28,Oeste,C,398,201
2023-06-28,Oeste,D,279,45
2023-06-29,Norte,A,125,184
2023-06-29,Norte,B,245,272
2023-06-29,Norte,C,303,201
2023-06-29,Norte,D,333,28
2023-06-29,Sur,A,123,178
2023-06-29,Sur,B,110,185
2023-06-29,Sur,C,138,28
2023-06-29,Sur,D,266,110
2023-06-29,Este,A,74,179
2023-06-29,Este,B,359,97
2023-06-29,Este,C,423,107
2023-06-29,Este,D,197,290
2023-06-29,Oeste,A,83,104
2023-06-29,Oeste,B,273,107
2023-06-29,Oeste,C,330,45
2023-06-29,Oeste,D,412,69
2023-06-30,Norte,A,84,158
2023-06-30,Norte,B,336,180
2023-06-30,Norte,C,157,177
2023-06-30,Norte,D,325,231
2023-06-30,Sur,A,499,143
2023-06-30,Sur,B,77,148
2023-06-30,Sur,C,287,231
2023-06-30,Sur,D,356,24
2023-06-30,Este,A,234,178
2023-06-30,Este,B,358,136
2023-06-30,Este,C,433,133
2023-06-30,Este,D,474,124
2023-06-30,Oeste,A,138,91
2023-06-30,Oeste,B,303,119
2023-06-30,Oeste,C,342,276
2023-06-30,Oeste,D,136,116
2023-07-01,Norte,A,263,94
2023-07-01,Norte,B,121,105
2023-07-01,Norte,C,252,119
2023-07-01,Norte,D,85,33
2023-07-01,Sur,A,205,159
2023-07-01,Sur,B,149,198
2023-07-01,Sur,C,276,156
2023-07-01,Sur,D,471,103
2023-07-01,Este,A,314,207
2023-07-01,Este,B,83,59
2023-07-01,Este,C,134,95
2023-07-01,Este,D,445,43
2023-07-01,Oeste,A,486,266
2023-07-01,Oeste,B,104,33
2023-07-01,Oeste,C,77,202
2023-07-01,Oeste,D,389,146
2023-07-02,Norte,A,215,101
2023-07-02,Norte,B,313,38
2023-07-02,Norte,C,386,127
2023-07-02,Norte,D,81,210
2023-07-02,Sur,A,307,166
2023-07-02,Sur,B,51,147
2023-07-02,Sur,C,238,222
2023-07-02,Sur,D,481,192
2023-07-02,Este,A,348,206
2023-07-02,Este,B,259,178
2023-07-02,Este,C,412,113
2023-07-02,Este,D,90,84
2023-07-02,Oeste,A,210,273
2023-07-02,Oeste,B,291,66
2023-07-02,Oeste,C,339,145
2023-07-02,Oeste,D,300,84
2023-07-03,Norte,A,286,44
2023-07-03,Norte,B,370,241
2023-07-03,Norte,C,408,148
2023-07-03,Norte,D,212,284
2023-07-03,Sur,A,254,98
2023-07-03,Sur,B,276,46
2023-07-03,Sur,C,186,91
2023-07-03,Sur,D,139,193
2023-07-03,Este,A,78,292
2023-07-03,Este,B,431,187
2023-07-03,Este,C,469,258
2023-07-03,Este,D,173,110
2023-07-03,Oeste,A,180,87
2023-07-03,Oeste,B,254,273
2023-07-03,Oeste,C,450,49
2023-07-03,Oeste,D,423,152
2023-07-04,Norte,A,139,198
2023-07-04,Norte,B,435,48
2023-07-04,Norte,C,74,267
2023-07-04,Norte,D,281,75
2023-07-04,Sur,A,236,237
2023-07-04,Sur,B,435,172
2023-07-04,Sur,C,279,62
2023-07-04,Sur,D,301,127
2023-07-04,Este,A,428,210
2023-07-04,Este,B,59,112
2023-07-04,Este,C,452,75
2023-07-04,Este,D,292,40
2023-07-04,Oeste,A,176,41
2023-07-04,Oeste,B,141,297
2023-07-04,Oeste,C,278,223
2023-07-04,Oeste,D,192,229
2023-07-05,Norte,A,461,186
2023-07-05,Norte,B,314,49
2023-07-05,Norte,C,158,235
2023-07-05,Norte,D,126,235
2023-07-05,Sur,A,459,226
2023-07-05,Sur,B,258,39
2023-07-05,Sur,C,132,45
2023-07-05,Sur,D,110,265
2023-07-05,Este,A,96,157
2023-07-05,Este,B,164,98
2023-07-05,Este,C,403,130
2023-07-05,Este,D,396,158
2023-07-05,Oeste,A,292,272
2023-07-05,Oeste,B,400,98
2023-07-05,Oeste,C,334,238
2023-07-05,Oeste,D,491,123
2023-07-06,Norte,A,133,22
2023-07-06,Norte,B,365,217
2023-07-06,Norte,C,380,83
2023-07-06,Norte,D,240,46
2023-07-06,Sur,A,196,298
2023-07-06,Sur,B,230,289
2023-07-06,Sur,C,293,171
2023-07-06,Sur,D,285,84
2023-07-06,Este,A,213,129
2023-07-06,Este,B,235,278
2023-07-06,Este,C,294,180
2023-07-06,Este,D,484,261
2023-07-06,Oeste,A,461,108
2023-07-06,Oeste,B,110,40
2023-07-06,Oeste,C,476,189
2023-07-06,Oeste,D,56,194
2023-07-07,Norte,A,229,231
2023-07-07,Norte,B,399,54
2023-07-07,Norte,C,73,141
2023-07-07,Norte,D,366,125
2023-07-07,Sur,A,144,103
2023-07-07,Sur,B,215,130
2023-07-07,Sur,C,231,187
2023-07-07,Sur,D,408,211
2023-07-07,Este,A,381,142
2023-07-07,Este,B,241,124
2023-07-07,Este,C,50,127
2023-07-07,Este,D,183,141
2023-07-07,Oeste,A,489,165
2023-07-07,Oeste,B,223,160
2023-07-07,Oeste,C,209,57
2023-07-07,Oeste,D,189,260
2023-07-08,Norte,A,413,39
2023-07-08,Norte,B,296,143
2023-07-08,Norte,C,266,54
2023-07-08,Norte,D,431,280
2023-07-08,Sur,A,80,39
2023-07-08,Sur,B,56,58
2023-07-08,Sur,C,375,207
2023-07-08,Sur,D,308,171
2023-07-08,Este,A,361,39
2023-07-08,Este,B,426,259
2023-07-08,Este,C,274,287
2023-07-08,Este,D,403,130
2023-07-08,Oeste,A,53,51
2023-07-08,Oeste,B,91,187
2023-07-08,Oeste,C,298,202
2023-07-08,Oeste,D,488,230
2023-07-09,Norte,A,273,78
2023-07-09,Norte,B,192,109
2023-07-09,Norte,C,459,72
2023-07-09,Norte,D,437,185
2023-07-09,Sur,A,360,139
2023-07-09,Sur,B,124,64
2023-07-09,Sur,C,356,202
2023-07-09,Sur,D,489,22
2023-07-09,Este,A,484,201
2023-07-09,Este,B,407,266
2023-07-09,Este,C,181,150
2023-07-09,Este,D,284,230
2023-07-09,Oeste,A,242,221
2023-07-09,Oeste,B,265,28
2023-07-09,Oeste,C,349,27
2023-07-09,Oeste,D,301,20
2023-07-10,Norte,A,442,276
2023-07-10,Norte,B,490,298
2023-07-10,Norte,C,485,100
2023-07-10,Norte,D,200,87
2023-07-10,Sur,A,459,79
2023-07-10,Sur,B,496,273
2023-07-10,Sur,C,250,136
2023-07-10,Sur,D,201,207
2023-07-10,Este,A,128,86
2023-07-10,Este,B,300,37
2023-07-10,Este,C,302,24
2023-07-10,Este,D,277,49
2023-07-10,Oeste,A,426,281
2023-07-10,Oeste,B,450,159
2023-07-10,Oeste,C,258,139
2023-07-10,Oeste,D,378,165
2023-07-11,Norte,A,77,235
2023-07-11,Norte,B,460,150
2023-07-11,Norte,C,213,221
2023-07-11,Norte,D,488,160
2023-07-11,Sur,A,455,56
2023-07-11,Sur,B,184,69
2023-07-11,Sur,C,195,144
2023-07-11,Sur,D,274,156
2023-07-11,Este,A,303,249
2023-07-11,Este,B,177,138
2023-07-11,Este,C,420,138
2023-07-11,Este,D,341,243
2023-07-11,Oeste,A,184,210
2023-07-11,Oeste,B,120,35
2023-07-11,Oeste,C,121,210
2023-07-11,Oeste,D,212,198
2023-07-12,Norte,A,372,85
2023-07-12,Norte,B,429,267
2023-07-12,Norte,C,290,279
2023-07-12,Norte,D,416,51
2023-07-12,Sur,A,129,128
2023-07-12,Sur,B,365,95
2023-07-12,Sur,C,201,95
2023-07-12,Sur,D,241,82
2023-07-12,Este,A,165,177
2023-07-12,Este,B,360,117
2023-07-12,Este,C,237,103
2023-07-12,Este,D,301,87
2023-07-12,Oeste,A,456,175
2023-07-12,Oeste,B,232,91
2023-07-12,Oeste,C,266,175
2023-07-12,Oeste,D,281,70
2023-07-13,Norte,A,214,245
2023-07-13,Norte,B,200,87
2023-07-13,Norte,C,201,41
2023-07-13,Norte,D,255,144
2023-07-13,Sur,A,138,35
2023-07-13,Sur,B,333,249
2023-07-13,Sur,C,402,161
2023-07-13,Sur,D,301,74
2023-07-13,Este,A,120,181
2023-07-13,Este,B,53,26
2023-07-13,Este,C,424,236
2023-07-13,Este,D,260,243
2023-07-13,Oeste,A,192,197
2023-07-13,Oeste,B,247,198
2023-07-13,Oeste,C,134,50
2023-07-13,Oeste,D,265,53
2023-07-14,Norte,A,257,189
2023-07-14,Norte,B,56,160
2023-07-14,Norte,C,241,29
2023-07-14,Norte,D,56,64
2023-07-14,Sur,A,431,247
2023-07-14,Sur,B,233,29
2023-07-14,Sur,C,169,148
2023-07-14,Sur,D,285,162
2023-07-14,Este,A,440,45
2023-07-14,Este,B,270,250
2023-07-14,Este,C,276,249
2023-07-14,Este,D,137,23
2023-07-14,Oeste,A,452,140
2023-07-14,Oeste,B,52,193
2023-07-14,Oeste,C,119,237
2023-07-14,Oeste,D,469,240
2023-07-15,Norte,A,477,68
2023-07-15,Norte,B,185,177
2023-07-15,Norte,C,165,205
2023-07-15,Norte,D,151,219
2023-07-15,Sur,A,475,205
2023-07-15,Sur,B,90,105
2023-07-15,Sur,C,442,85
2023-07-15,Sur,D,109,32
2023-07-15,Este,A,107,117
2023-07-15,Este,B,63,28
2023-07-15,Este,C,162,122
2023-07-15,Este,D,147,171
2023-07-15,Oeste,A,141,127
2023-07-15,Oeste,B,316,166
2023-07-15,Oeste,C,71,248
2023-07-15,Oeste,D,97,66
2023-07-16,Norte,A,83,173
2023-07-16,Norte,B,192,193
2023-07-16,Norte,C,384,241
2023-07-16,Norte,D,441,121
2023-07-16,Sur,A,420,216
2023-07-16,Sur,B,87,156
2023-07-16,Sur,C,51,280
2023-07-16,Sur,D,90,166
2023-07-16,Este,A,77,48
2023-07-16,Este,B,249,44
2023-07-16,Este,C,339,154
2023-07-16,Este,D,306,180
2023-07-16,Oeste,A,220,44
2023-07-16,Oeste,B,371,189
2023-07-16,Oeste,C,121,293
2023-07-16,Oeste,D,193,238
2023-07-17,Norte,A,275,89
2023-07-17,Norte,B,309,195
2023-07-17,Norte,C,232,153
2023-07-17,Norte,D,214,200
2023-07-17,Sur,A,149,107
2023-07-17,Sur,B,79,147
2023-07-17,Sur,C,195,289
2023-07-17,Sur,D,473,292
2023-07-17,Este,A,482,28
2023-07-17,Este,B,191,167
2023-07-17,Este,C,337,91
2023-07-17,Este,D,427,70
2023-07-17,Oeste,A,104,97
2023-07-17,Oeste,B,411,215
2023-07-17,Oeste,C,255,241
2023-07-17,Oeste,D,71,131
2023-07-18,Norte,A,476,32
2023-07-18,Norte,B,114,286
2023-07-18,Norte,C,450,296
2023-07-18,Norte,D,371,132
2023-07-18,Sur,A,106,194
2023-07-18,Sur,B,360,141
2023-07-18,Sur,C,377,272
2023-07-18,Sur,D,495,268
2023-07-18,Este,A,151,29
2023-07-18,Este,B,408,285
2023-07-18,Este,C,301,117
2023-07-18,Este,D,121,268
2023-07-18,Oeste,A,380,134
2023-07-18,Oeste,B,258,43
2023-07-18,Oeste,C,271,50
2023-07-18,Oeste,D,343,278
2023-07-19,Norte,A,164,200
2023-07-19,Norte,B,432,114
2023-07-19,Norte,C,253,153
2023-07-19,Norte,D,245,287
2023-07-19,Sur,A,437,146
2023-07-19,Sur,B,346,169
2023-07-19,Sur,C,324,138
2023-07-19,Sur,D,288,245
2023-07-19,Este,A,199,270
2023-07-19,Este,B,244,56
2023-07-19,Este,C,332,213
2023-07-19,Este,D,151,142
2023-07-19,Oeste,A,422,94
2023-07-19,Oeste,B,350,283
2023-07-19,Oeste,C,451,192
2023-07-19,Oeste,D,335,115
2023-07-20,Norte,A,367,117
2023-07-20,Norte,B,311,248
2023-07-20,Norte,C,135,61
2023-07-20,Norte,D,317,173
2023-07-20,Sur,A,241,159
2023-07-20,Sur,B,436,132
2023-07-20,Sur,C,93,61
2023-07-20,Sur,D,85,38
2023-07-20,Este,A,63,113
2023-07-20,Este,B,278,174
2023-07-20,Este,C,346,111
2023-07-20,Este,D,499,217
2023-07-20,Oeste,A,459,33
2023-07-20,Oeste,B,455,232
2023-07-20,Oeste,C,396,188
2023-07-20,Oeste,D,127,98
2023-07-21,Norte,A,205,169
2023-07-21,Norte,B,168,223
2023-07-21,Norte,C,293,55
2023-07-21,Norte,D,65,199
2023-07-21,Sur,A,181,198
2023-07-21,Sur,B,406,144
2023-07-21,Sur,C,474,271
2023-07-21,Sur,D,364,285
2023-07-21,Este,A,253,105
2023-07-21,Este,B,102,99
2023-07-21,Este,C,440,261
2023-07-21,Este,D,358,197
2023-07-21,Oeste,A,425,74
2023-07-21,Oeste,B,285,286
2023-07-21,Oeste,C,69,74
2023-07-21,Oeste,D,374,76
2023-07-22,Norte,A,252,290
2023-07-22,Norte,B,61,241
2023-07-22,Norte,C,398,299
2023-07-22,Norte,D,344,162
2023-07-22,Sur,A,245,53
2023-07-22,Sur,B,317,157
2023-07-22,Sur,C,301,294
2023-07-22,Sur,D,225,143
2023-07-22,Este,A,206,269
2023-07-22,Este,B,380,66
2023-07-22,Este,C,172,290
2023-07-22,Este,D,117,92
2023-07-22,Oeste,A,319,167
2023-07-22,Oeste,B,71,113
2023-07-22,Oeste,C,213,257
2023-07-22,Oeste,D,379,167
2023-07-23,Norte,A,292,234
2023-07-23,Norte,B,317,135
2023-07-23,Norte,C,293,269
2023-07-23,Norte,D,320,272
2023-07-23,Sur,A,63,194
2023-07-23,Sur,B,239,271
2023-07-23,Sur,C,455,272
2023-07-23,Sur,D,279,58
2023-07-23,Este,A,194,149
2023-07-23,Este,B,181,220
2023-07-23,Este,C,96,46
2023-07-23,Este,D,469,123
2023-07-23,Oeste,A,202,129
2023-07-23,Oeste,B,439,93
2023-07-23,Oeste,C,218,168
2023-07-23,Oeste,D,381,77
2023-07-24,Norte,A,415,228
2023-07-24,Norte,B,182,267
2023-07-24,Norte,C,474,112
2023-07-24,Norte,D,185,99
2023-07-24,Sur,A,67,265
2023-07-24,Sur,B,327,259
2023-07-24,Sur,C,144,176
2023-07-24,Sur,D,260,164
2023-07-24,Este,A,184,192
2023-07-24,Este,B,120,93
2023-07-24,Este,C,252,244
2023-07-24,Este,D,150,47
2023-07-24,Oeste,A,216,189
2023-07-24,Oeste,B,118,292
2023-07-24,Oeste,C,335,255
2023-07-24,Oeste,D,95,222
2023-07-25,Norte,A,205,83
2023-07-25,Norte,B,398,105
2023-07-25,Norte,C,265,177
2023-07-25,Norte,D,416,179
2023-07-25,Sur,A,61,133
2023-07-25,Sur,B,364,119
2023-07-25,Sur,C,285,114
2023-07-25,Sur,D,113,129
2023-07-25,Este,A,105,35
2023-07-25,Este,B,447,121
2023-07-25,Este,C,195,222
2023-07-25,Este,D,269,64
2023-07-25,Oeste,A,104,38
2023-07-25,Oeste,B,336,240
2023-07-25,Oeste,C,487,232
2023-07-25,Oeste,D,377,268
2023-07-26,Norte,A,382,72
2023-07-26,Norte,B,367,117
2023-07-26,Norte,C,456,221
2023-07-26,Norte,D,194,75
2023-07-26,Sur,A,78,196
2023-07-26,Sur,B,428,44
2023-07-26,Sur,C,317,185
2023-07-26,Sur,D,129,239
2023-07-26,Este,A,360,209
2023-07-26,Este,B,302,269
2023-07-26,Este,C,356,250
2023-07-26,Este,D,109,71
2023-07-26,Oeste,A,163,233
2023-07-26,Oeste,B,427,225
2023-07-26,Oeste,C,60,129
2023-07-26,Oeste,D,330,191
2023-07-27,Norte,A,386,66
2023-07-27,Norte,B,104,211
2023-07-27,Norte,C,344,60
2023-07-27,Norte,D,162,41
2023-07-27,Sur,A,270,220
2023-07-27,Sur,B,149,120
2023-07-27,Sur,C,347,131
2023-07-27,Sur,D,73,52
2023-07-27,Este,A,199,55
2023-07-27,Este,B,482,110
2023-07-27,Este,C,460,116
2023-07-27,Este,D,475,117
2023-07-27,Oeste,A,307,265
2023-07-27,Oeste,B,269,251
2023-07-27,Oeste,C,348,94
2023-07-27,Oeste,D,208,123
2023-07-28,Norte,A,373,272
2023-07-28,Norte,B,117,202
2023-07-28,Norte,C,106,121
2023-07-28,Norte,D,137,213
2023-07-28,Sur,A,303,85
2023-07-28,Sur,B,125,92
2023-07-28,Sur,C,51,224
2023-07-28,Sur,D,388,292
2023-07-28,Este,A,97,66
2023-07-28,Este,B,279,210
2023-07-28,Este,C,489,190
2023-07-28,Este,D,462,244
2023-07-28,Oeste,A,120,248
2023-07-28,Oeste,B,121,225
2023-07-28,Oeste,C,354,244
2023-07-28,Oeste,D,469,88
2023-07-29,Norte,A,174,276
2023-07-29,Norte,B,61,255
2023-07-29,Norte,C,342,202
2023-07-29,Norte,D,490,110
2023-07-29,Sur,A,373,143
2023-07-29,Sur,B,275,230
2023-07-29,Sur,C,450,28
2023-07-29,Sur,D,374,282
2023-07-29,Este,A,71,176
2023-07-29,Este,B,234,260
2023-07-29,Este,C,409,40
2023-07-29,Este,D,177,68
2023-07-29,Oeste,A,477,94
2023-07-29,Oeste,B,487,144
2023-07-29,Oeste,C,226,38
2023-07-29,Oeste,D,431,232
2023-07-30,Norte,A,447,78
2023-07-30,Norte,B,253,192
2023-07-30,Norte,C,447,261
2023-07-30,Norte,D,400,154
2023-07-30,Sur,A,90,192
2023-07-30,Sur,B,228,264
2023-07-30,Sur,C,346,264
2023-07-30,Sur,D,239,104
2023-07-30,Este,A,345,133
2023-07-30,Este,B,362,127
2023-07-30,Este,C,91,121
2023-07-30,Este,D,375,80
2023-07-30,Oeste,A,211,292
2023-07-30,Oeste,B,473,198
2023-07-30,Oeste,C,379,189
2023-07-30,Oeste,D,234,120
2023-07-31,Norte,A,75,297
2023-07-31,Norte,B,390,235
2023-07-31,Norte,C,87,36
2023-07-31,Norte,D,215,72
2023-07-31,Sur,A,499,196
2023-07-31,Sur,B,237,32
2023-07-31,Sur,C,224,184
2023-07-31,Sur,D,262,288
2023-07-31,Este,A,481,266
2023-07-31,Este,B,68,74
2023-07-31,Este,C,442,129
2023-07-31,Este,D,152,169
2023-07-31,Oeste,A,439,207
2023-07-31,Oeste,B,100,43
2023-07-31,Oeste,C,220,274
2023-07-31,Oeste,D,350,245
2023-08-01,Norte,A,180,227
2023-08-01,Norte,B,119,122
2023-08-01,Norte,C,118,59
2023-08-01,Norte,D,474,182
2023-08-01,Sur,A,383,26
2023-08-01,Sur,B,121,64
2023-08-01,Sur,C,90,230
2023-08-01,Sur,D,190,232
2023-08-01,Este,A,114,209
2023-08-01,Este,B,307,109
2023-08-01,Este,C,336,276
2023-08-01,Este,D,359,284
2023-08-01,Oeste,A,484,267
2023-08-01,Oeste,B,424,101
2023-08-01,Oeste,C,331,91
2023-08-01,Oeste,D,150,283
2023-08-02,Norte,A,409,77
2023-08-02,Norte,B,359,158
2023-08-02,Norte,C,101,230
2023-08-02,Norte,D,95,137
2023-08-02,Sur,A,498,277
2023-08-02,Sur,B,305,43
2023-08-02,Sur,C,482,70
2023-08-02,Sur,D,264,69
2023-08-02,Este,A,304,172
2023-08-02,Este,B,227,188
2023-08-02,Este,C,175,40
2023-08-02,Este,D,401,256
2023-08-02,Oeste,A,149,146
2023-08-02,Oeste,B,289,39
2023-08-02,Oeste,C,192,97
2023-08-02,Oeste,D,271,78
2023-08-03,Norte,A,421,105
2023-08-03,Norte,B,308,233
2023-08-03,Norte,C,214,113
2023-08-03,Norte,D,250,169
2023-08-03,Sur,A,450,53
2023-08-03,Sur,B,209,55
2023-08-03,Sur,C,319,60
2023-08-03,Sur,D,170,82
2023-08-03,Este,A,161,78
2023-08-03,Este,B,164,243
2023-08-03,Este,C,55,39
2023-08-03,Este,D,328,238
2023-08-03,Oeste,A,292,217
2023-08-03,Oeste,B,496,189
2023-08-03,Oeste,C,230,152
2023-08-03,Oeste,D,478,79
2023-08-04,Norte,A,414,138
2023-08-04,Norte,B,162,109
2023-08-04,Norte,C,212,145
2023-08-04,Norte,D,92,264
2023-08-04,Sur,A,264,123
2023-08-04,Sur,B,441,122
2023-08-04,Sur,C,262,233
2023-08-04,Sur,D,429,27
2023-08-04,Este,A,153,211
2023-08-04,Este,B,394,242
2023-08-04,Este,C,128,30
2023-08-04,Este,D,237,128
2023-08-04,Oeste,A,491,34
2023-08-04,Oeste,B,241,199
2023-08-04,Oeste,C,391,78
2023-08-04,Oeste,D,264,98
2023-08-05,Norte,A,50,223
2023-08-05,Norte,B,271,247
2023-08-05,Norte,C,270,197
2023-08-05,Norte,D,110,141
2023-08-05,Sur,A,250,143
2023-08-05,Sur,B,423,49
2023-08-05,Sur,C,354,260
2023-08-05,Sur,D,254,284
2023-08-05,Este,A,200,40
2023-08-05,Este,B,62,197
2023-08-05,Este,C,480,53
2023-08-05,Este,D,123,255
2023-08-05,Oeste,A,123,93
2023-08-05,Oeste,B,406,171
2023-08-05,Oeste,C,404,113
2023-08-05,Oeste,D,359,116
2023-08-06,Norte,A,476,80
2023-08-06,Norte,B,356,74
2023-08-06,Norte,C,332,62
2023-08-06,Norte,D,149,172
2023-08-06,Sur,A,190,150
2023-08-06,Sur,B,330,93
2023-08-06,Sur,C,359,189
2023-08-06,Sur,D,124,27
2023-08-06,Este,A,224,98
2023-08-06,Este,B,194,88
2023-08-06,Este,C,318,27
2023-08-06,Este,D,140,195
2023-08-06,Oeste,A,103,290
2023-08-06,Oeste,B,63,279
2023-08-06,Oeste,C,99,133
2023-08-06,Oeste,D,207,207
2023-08-07,Norte,A,303,93
2023-08-07,Norte,B,87,172
2023-08-07,Norte,C,469,87
2023-08-07,Norte,D,477,180
2023-08-07,Sur,A,175,205
2023-08-07,Sur,B,91,165
2023-08-07,Sur,C,430,146
2023-08-07,Sur,D,499,280
2023-08-07,Este,A,486,103
2023-08-07,Este,B,149,62
2023-08-07,Este,C,407,282
2023-08-07,Este,D,129,63
2023-08-07,Oeste,A,437,47
2023-08-07,Oeste,B,129,178
2023-08-07,Oeste,C,386,220
2023-08-07,Oeste,D,120,286
2023-08-08,Norte,A,455,67
2023-08-08,Norte,B,64,226
2023-08-08,Norte,C,409,209
2023-08-08,Norte,D,408,290
2023-08-08,Sur,A,402,35
2023-08-08,Sur,B,402,190
2023-08-08,Sur,C,366,98
2023-08-08,Sur,D,73,144
2023-08-08,Este,A,188,131
2023-08-08,Este,B,56,101
2023-08-08,Este,C,209,153
2023-08-08,Este,D,50,38
2023-08-08,Oeste,A,53,74
2023-08-08,Oeste,B,318,75
2023-08-08,Oeste,C,72,36
2023-08-08,Oeste,D,195,47
2023-08-09,Norte,A,341,222
2023-08-09,Norte,B,163,226
2023-08-09,Norte,C,493,284
2023-08-09,Norte,D,178,86
2023-08-09,Sur,A,350,119
2023-08-09,Sur,B,497,197
2023-08-09,Sur,C,373,132
2023-08-09,Sur,D,235,134
2023-08-09,Este,A,81,254
2023-08-09,Este,B,222,137
2023-08-09,Este,C,219,245
2023-08-09,Este,D,259,215
2023-08-09,Oeste,A,366,65
2023-08-09,Oeste,B,322,76
2023-08-09,Oeste,C,425,202
2023-08-09,Oeste,D,317,161
2023-08-10,Norte,A,71,56
2023-08-10,Norte,B,280,263
2023-08-10,Norte,C,105,200
2023-08-10,Norte,D,477,197
2023-08-10,Sur,A,124,221
2023-08-10,Sur,B,265,268
2023-08-10,Sur,C,184,111
2023-08-10,Sur,D,173,260
2023-08-10,Este,A,358,225
2023-08-10,Este,B,288,43
2023-08-10,Este,C,367,102
2023-08-10,Este,D,229,170
2023-08-10,Oeste,A,473,248
2023-08-10,Oeste,B,346,124
2023-08-10,Oeste,C,458,27
2023-08-10,Oeste,D,436,227
2023-08-11,Norte,A,222,213
2023-08-11,Norte,B,370,247
2023-08-11,Norte,C,243,190
2023-08-11,Norte,D,354,40
2023-08-11,Sur,A,51,46
2023-08-11,Sur,B,479,286
2023-08-11,Sur,C,273,297
2023-08-11,Sur,D,468,192
2023-08-11,Este,A,168,130
2023-08-11,Este,B,129,141
2023-08-11,Este,C,274,105
2023-08-11,Este,D,364,104
2023-08-11,Oeste,A,418,291
2023-08-11,Oeste,B,309,123
2023-08-11,Oeste,C,170,218
2023-08-11,Oeste,D,389,181
2023-08-12,Norte,A,122,254
2023-08-12,Norte,B,280,144
2023-08-12,Norte,C,161,278
2023-08-12,Norte,D,226,159
2023-08-12,Sur,A,84,46
2023-08-12,Sur,B,425,53
2023-08-12,Sur,C,474,84
2023-08-12,Sur,D,94,105
2023-08-12,Este,A,231,25
2023-08-12,Este,B,443,23
2023-08-12,Este,C,111,178
2023-08-12,Este,D,433,27
2023-08-12,Oeste,A,430,174
2023-08-12,Oeste,B,285,44
2023-08-12,Oeste,C,246,55
2023-08-12,Oeste,D,81,75
2023-08-13,Norte,A,140,167
2023-08-13,Norte,B,417,59
2023-08-13,Norte,C,445,103
2023-08-13,Norte,D,71,280
2023-08-13,Sur,A,110,250
2023-08-13,Sur,B,419,257
2023-08-13,Sur,C,191,183
2023-08-13,Sur,D,66,50
2023-08-13,Este,A,220,295
2023-08-13,Este,B,152,75
2023-08-13,Este,C,341,135
2023-08-13,Este,D,365,51
2023-08-13,Oeste,A,158,276
2023-08-13,Oeste,B,413,296
2023-08-13,Oeste,C,107,207
2023-08-13,Oeste,D,216,284
2023-08-14,Norte,A,408,121
2023-08-14,Norte,B,336,107
2023-08-14,Norte,C,363,80
2023-08-14,Norte,D,296,264
2023-08-14,Sur,A,157,85
2023-08-14,Sur,B,191,212
2023-08-14,Sur,C,451,182
2023-08-14,Sur,D,241,192
2023-08-14,Este,A,216,190
2023-08-14,Este,B,290,29
2023-08-14,Este,C,344,94
2023-08-14,Este,D,304,23
2023-08-14,Oeste,A,394,85
2023-08-14,Oeste,B,418,88
2023-08-14,Oeste,C,81,67
2023-08-14,Oeste,D,374,170
2023-08-15,Norte,A,198,204
2023-08-15,Norte,B,309,196
2023-08-15,Norte,C,413,145
2023-08-15,Norte,D,196,145
2023-08-15,Sur,A,488,20
2023-08-15,Sur,B,91,112
2023-08-15,Sur,C,58,243
2023-08-15,Sur,D,367,242
2023-08-15,Este,A,475,169
2023-08-15,Este,B,349,111
2023-08-15,Este,C,116,265
2023-08-15,Este,D,82,107
2023-08-15,Oeste,A,445,91
2023-08-15,Oeste,B,79,122
2023-08-15,Oeste,C,498,124
2023-08-15,Oeste,D,131,132
2023-08-16,Norte,A,471,107
2023-08-16,Norte,B,190,60
2023-08-16,Norte,C,394,115
2023-08-16,Norte,D,146,178
2023-08-16,Sur,A,82,135
2023-08-16,Sur,B,488,28
2023-08-16,Sur,C,208,136
2023-08-16,Sur,D,138,200
2023-08-16,Este,A,52,58
2023-08-16,Este,B,205,36
2023-08-16,Este,C,138,34
2023-08-16,Este,D,398,297
2023-08-16,Oeste,A,448,57
2023-08-16,Oeste,B,317,153
2023-08-16,Oeste,C,276,256
2023-08-16,Oeste,D,300,64
2023-08-17,Norte,A,289,145
2023-08-17,Norte,B,381,208
2023-08-17,Norte,C,349,117
2023-08-17,Norte,D,426,222
2023-08-17,Sur,A,173,233
2023-08-17,Sur,B,110,153
2023-08-17,Sur,C,61,134
2023-08-17,Sur,D,261,175
2023-08-17,Este,A,198,106
2023-08-17,Este,B,252,166
2023-08-17,Este,C,97,91
2023-08-17,Este,D,65,86
2023-08-17,Oeste,A,423,196
2023-08-17,Oeste,B,113,226
2023-08-17,Oeste,C,287,248
2023-08-17,Oeste,D,130,133
2023-08-18,Norte,A,330,21
2023-08-18,Norte,B,255,202
2023-08-18,Norte,C,225,156
2023-08-18,Norte,D,217,254
2023-08-18,Sur,A,329,140
2023-08-18,Sur,B,209,245
2023-08-18,Sur,C,310,251
2023-08-18,Sur,D,244,145
2023-08-18,Este,A,288,235
2023-08-18,Este,B,439,105
2023-08-18,Este,C,338,142
2023-08-18,Este,D,205,159
2023-08-18,Oeste,A,262,164
2023-08-18,Oeste,B,146,72
2023-08-18,Oeste,C,165,45
2023-08-18,Oeste,D,276,25
2023-08-19,Norte,A,492,265
2023-08-19,Norte,B,453,246
2023-08-19,Norte,C,369,76
2023-08-19,Norte,D,163,199
2023-08-19,Sur,A,164,198
2023-08-19,Sur,B,174,119
2023-08-19,Sur,C,123,103
2023-08-19,Sur,D,255,68
2023-08-19,Este,A,413,67
2023-08-19,Este,B,290,177
2023-08-19,Este,C,218,252
2023-08-19,Este,D,135,181
2023-08-19,Oeste,A,82,51
2023-08-19,Oeste,B,492,71
2023-08-19,Oeste,C,366,120
2023-08-19,Oeste,D,351,111
2023-08-20,Norte,A,259,276
2023-08-20,Norte,B,184,239
2023-08-20,Norte,C,479,265
2023-08-20,Norte,D,245,70
2023-08-20,Sur,A,68,25
2023-08-20,Sur,B,208,196
2023-08-20,Sur,C,154,136
2023-08-20,Sur,D,94,55
2023-08-20,Este,A,245,34
2023-08-20,Este,B,446,133
2023-08-20,Este,C,175,176
2023-08-20,Este,D,397,231
2023-08-20,Oeste,A,250,230
2023-08-20,Oeste,B,170,224
2023-08-20,Oeste,C,68,28
2023-08-20,Oeste,D,486,188
2023-08-21,Norte,A,168,154
2023-08-21,Norte,B,332,172
2023-08-21,Norte,C,346,286
2023-08-21,Norte,D,85,115
2023-08-21,Sur,A,222,293
2023-08-21,Sur,B,364,71
2023-08-21,Sur,C,356,54
2023-08-21,Sur,D,458,278
2023-08-21,Este,A,118,159
2023-08-21,Este,B,486,273
2023-08-21,Este,C,278,42
2023-08-21,Este,D,84,34
2023-08-21,Oeste,A,406,237
2023-08-21,Oeste,B,108,256
2023-08-21,Oeste,C,64,267
2023-08-21,Oeste,D,211,180
2023-08-22,Norte,A,207,163
2023-08-22,Norte,B,86,112
2023-08-22,Norte,C,347,296
2023-08-22,Norte,D,86,202
2023-08-22,Sur,A,316,83
2023-08-22,Sur,B,235,231
2023-08-22,Sur,C,149,180
2023-08-22,Sur,D,356,45
2023-08-22,Este,A,493,42
2023-08-22,Este,B,261,55
2023-08-22,Este,C,314,288
2023-08-22,Este,D,253,158
2023-08-22,Oeste,A,279,267
2023-08-22,Oeste,B,344,263
2023-08-22,Oeste,C,143,139
2023-08-22,Oeste,D,446,157
2023-08-23,Norte,A,162,240
2023-08-23,Norte,B,203,258
2023-08-23,Norte,C,340,281
2023-08-23,Norte,D,247,79
2023-08-23,Sur,A,63,58
2023-08-23,Sur,B,164,180
2023-08-23,Sur,C,431,231
2023-08-23,Sur,D,254,128
2023-08-23,Este,A,356,20
2023-08-23,Este,B,452,189
2023-08-23,Este,C,84,108
2023-08-23,Este,D,458,34
2023-08-23,Oeste,A,84,229
2023-08-23,Oeste,B,210,299
2023-08-23,Oeste,C,432,276
2023-08-23,Oeste,D,299,281
2023-08-24,Norte,A,499,274
2023-08-24,Norte,B,206,185
2023-08-24,Norte,C,386,31
2023-08-24,Norte,D,82,106
2023-08-24,Sur,A,426,155
2023-08-24,Sur,B,383,169
2023-08-24,Sur,C,193,151
2023-08-24,Sur,D,417,102
2023-08-24,Este,A,130,225
2023-08-24,Este,B,449,269
2023-08-24,Este,C,271,128
2023-08-24,Este,D,57,114
2023-08-24,Oeste,A,357,43
2023-08-24,Oeste,B,245,286
2023-08-24,Oeste,C,119,50
2023-08-24,Oeste,D,301,196
2023-08-25,Norte,A,381,232
2023-08-25,Norte,B,342,30
2023-08-25,Norte,C,381,132
2023-08-25,Norte,D,81,85
2023-08-25,Sur,A,423,299
2023-08-25,Sur,B,420,277
2023-08-25,Sur,C,236,144
2023-08-25,Sur,D,142,115
2023-08-25,Este,A,117,281
2023-08-25,Este,B,163,289
2023-08-25,Este,C,89,142
2023-08-25,Este,D,356,136
2023-08-25,Oeste,A,302,158
2023-08-25,Oeste,B,125,28
2023-08-25,Oeste,C,227,94
2023-08-25,Oeste,D,464,254
2023-08-26,Norte,A,486,234
2023-08-26,Norte,B,309,133
2023-08-26,Norte,C,382,272
2023-08-26,Norte,D,80,163
2023-08-26,Sur,A,133,195
2023-08-26,Sur,B,474,99
2023-08-26,Sur,C,456,204
2023-08-26,Sur,D,343,211
2023-08-26,Este,A,359,147
2023-08-26,Este,B,465,180
2023-08-26,Este,C,475,261
2023-08-26,Este,D,313,279
2023-08-26,Oeste,A,170,72
2023-08-26,Oeste,B,311,61
2023-08-26,Oeste,C,101,245
2023-08-26,Oeste,D,436,139
2023-08-27,Norte,A,356,136
2023-08-27,Norte,B,118,229
2023-08-27,Norte,C,234,235
2023-08-27,Norte,D,107,56
2023-08-27,Sur,A,181,120
2023-08-27,Sur,B,466,218
2023-08-27,Sur,C,209,246
2023-08-27,Sur,D,171,73
2023-08-27,Este,A,237,133
2023-08-27,Este,B,243,136
2023-08-27,Este,C,195,148
2023-08-27,Este,D,253,98
2023-08-27,Oeste,A,447,117
2023-08-27,Oeste,B,284,81
2023-08-27,Oeste,C,397,87
2023-08-27,Oeste,D,79,194
2023-08-28,Norte,A,414,288
2023-08-28,Norte,B,74,97
2023-08-28,Norte,C,123,185
2023-08-28,Norte,D,162,214
2023-08-28,Sur,A,278,156
2023-08-28,Sur,B,375,224
2023-08-28,Sur,C,475,130
2023-08-28,Sur,D,384,125
2023-08-28,Este,A,85,119
2023-08-28,Este,B,170,227
2023-08-28,Este,C,478,285
2023-08-28,Este,D,50,85
2023-08-28,Oeste,A,497,180
2023-08-28,Oeste,B,486,184
2023-08-28,Oeste,C,314,49
2023-08-28,Oeste,D,331,272
2023-08-29,Norte,A,177,117
2023-08-29,Norte,B,282,275
2023-08-29,Norte,C,422,42
2023-08-29,Norte,D,165,110
2023-08-29,Sur,A,397,231
2023-08-29,Sur,B,388,116
2023-08-29,Sur,C,211,44
2023-08-29,Sur,D,493,97
2023-08-29,Este,A,268,36
2023-08-29,Este,B,58,201
2023-08-29,Este,C,262,209
2023-08-29,Este,D,408,299
2023-08-29,Oeste,A,74,134
2023-08-29,Oeste,B,319,209
2023-08-29,Oeste,C,257,238
2023-08-29,Oeste,D,362,166
2023-08-30,Norte,A,451,63
2023-08-30,Norte,B,426,200
2023-08-30,Norte,C,238,140
2023-08-30,Norte,D,450,254
2023-08-30,Sur,A,170,194
2023-08-30,Sur,B,357,222
2023-08-30,Sur,C,64,255
2023-08-30,Sur,D,232,241
2023-08-30,Este,A,253,202
2023-08-30,Este,B,150,106
2023-08-30,Este,C,190,277
2023-08-30,Este,D,248,47
2023-08-30,Oeste,A,287,252
2023-08-30,Oeste,B,91,273
2023-08-30,Oeste,C,488,52
2023-08-30,Oeste,D,310,83
2023-08-31,Norte,A,152,224
2023-08-31,Norte,B,163,129
2023-08-31,Norte,C,403,60
2023-08-31,Norte,D,140,170
2023-08-31,Sur,A,428,102
2023-08-31,Sur,B,174,160
2023-08-31,Sur,C,115,168
2023-08-31,Sur,D,270,211
2023-08-31,Este,A,81,194
2023-08-31,Este,B,90,153
2023-08-31,Este,C,115,252
2023-08-31,Este,D,288,189
2023-08-31,Oeste,A,365,126
2023-08-31,Oeste,B,442,60
2023-08-31,Oeste,C,273,201
2023-08-31,Oeste,D,241,63
2023-09-01,Norte,A,306,246
2023-09-01,Norte,B,329,220
2023-09-01,Norte,C,215,222
2023-09-01,Norte,D,367,96
2023-09-01,Sur,A,414,198
2023-09-01,Sur,B,345,84
2023-09-01,Sur,C,369,165
2023-09-01,Sur,D,213,66
2023-09-01,Este,A,137,158
2023-09-01,Este,B,83,172
2023-09-01,Este,C,498,229
2023-09-01,Este,D,175,153
2023-09-01,Oeste,A,248,51
2023-09-01,Oeste,B,104,203
2023-09-01,Oeste,C,117,70
2023-09-01,Oeste,D,295,259
2023-09-02,Norte,A,471,181
2023-09-02,Norte,B,282,52
2023-09-02,Norte,C,316,28
2023-09-02,Norte,D,408,47
2023-09-02,Sur,A,208,288
2023-09-02,Sur,B,116,162
2023-09-02,Sur,C,364,298
2023-09-02,Sur,D,425,111
2023-09-02,Este,A,358,199
2023-09-02,Este,B,451,56
2023-09-02,Este,C,217,88
2023-09-02,Este,D,134,274
2023-09-02,Oeste,A,311,131
2023-09-02,Oeste,B,176,164
2023-09-02,Oeste,C,66,109
2023-09-02,Oeste,D,332,151
2023-09-03,Norte,A,332,33
2023-09-03,Norte,B,132,85
2023-09-03,Norte,C,70,283
2023-09-03,Norte,D,170,127
2023-09-03,Sur,A,331,249
2023-09-03,Sur,B,341,32
2023-09-03,Sur,C,345,201
2023-09-03,Sur,D,108,112
2023-09-03,Este,A,130,97
2023-09-03,Este,B,143,173
2023-09-03,Este,C,427,71
2023-09-03,Este,D,440,188
2023-09-03,Oeste,A,163,152
2023-09-03,Oeste,B,200,186
2023-09-03,Oeste,C,125,242
2023-09-03,Oeste,D,357,231
2023-09-04,Norte,A,108,279
2023-09-04,Norte,B,445,84
2023-09-04,Norte,C,475,280
2023-09-04,Norte,D,464,46
2023-09-04,Sur,A,401,166
2023-09-04,Sur,B,407,129
2023-09-04,Sur,C,252,185
2023-09-04,Sur,D,169,58
2023-09-04,Este,A,497,91
2023-09-04,Este,B,133,290
2023-09-04,Este,C,362,290
2023-09-04,Este,D,386,173
2023-09-04,Oeste,A,161,63
2023-09-04,Oeste,B,189,147
2023-09-04,Oeste,C,299,191
2023-09-04,Oeste,D,82,181
2023-09-05,Norte,A,256,38
2023-09-05,Norte,B,71,34
2023-09-05,Norte,C,338,204
2023-09-05,Norte,D,151,177
2023-09-05,Sur,A,200,271
2023-09-05,Sur,B,67,26
2023-09-05,Sur,C,241,106
2023-09-05,Sur,D,447,236
2023-09-05,Este,A,442,277
2023-09-05,Este,B,143,256
2023-09-05,Este,C,300,156
2023-09-05,Este,D,302,227
2023-09-05,Oeste,A,391,150
2023-09-05,Oeste,B,418,204
2023-09-05,Oeste,C,202,198
2023-09-05,Oeste,D,279,36
2023-09-06,Norte,A,227,50
2023-09-06,Norte,B,407,298
2023-09-06,Norte,C,297,245
2023-09-06,Norte,D,176,133
2023-09-06,Sur,A,378,240
2023-09-06,Sur,B,310,290
2023-09-06,Sur,C,419,143
2023-09-06,Sur,D,243,85
2023-09-06,Este,A,132,74
2023-09-06,Este,B,309,278
2023-09-06,Este,C,181,290
2023-09-06,Este,D,287,207
2023-09-06,Oeste,A,442,21
2023-09-06,Oeste,B,397,61
2023-09-06,Oeste,C,413,219
2023-09-06,Oeste,D,250,205
2023-09-07,Norte,A,272,245
2023-09-07,Norte,B,410,286
2023-09-07,Norte,C,333,172
2023-09-07,Norte,D,230,166
2023-09-07,Sur,A,311,111
2023-09-07,Sur,B,261,83
2023-09-07,Sur,C,219,281
2023-09-07,Sur,D,432,231
2023-09-07,Este,A,180,52
2023-09-07,Este,B,239,64
2023-09-07,Este,C,475,131
2023-09-07,Este,D,267,252
2023-09-07,Oeste,A,216,241
2023-09-07,Oeste,B,177,91
2023-09-07,Oeste,C,396,118
2023-09-07,Oeste,D,494,151
2023-09-08,Norte,A,231,127
2023-09-08,Norte,B,200,164
2023-09-08,Norte,C,151,262
2023-09-08,Norte,D,61,204
2023-09-08,Sur,A,225,219
2023-09-08,Sur,B,74,29
2023-09-08,Sur,C,388,150
2023-09-08,Sur,D,260,274
2023-09-08,Este,A,295,131
2023-09-08,Este,B,301,168
2023-09-08,Este,C,145,148
2023-09-08,Este,D,423,264
2023-09-08,Oeste,A,314,100
2023-09-08,Oeste,B,282,261
2023-09-08,Oeste,C,416,190
2023-09-08,Oeste,D,137,290
2023-09-09,Norte,A,383,92
2023-09-09,Norte,B,226,139
2023-09-09,Norte,C,206,128
2023-09-09,Norte,D,404,240
2023-09-09,Sur,A,255,205
2023-09-09,Sur,B,139,117
2023-09-09,Sur,C,88,83
2023-09-09,Sur,D,346,90
2023-09-09,Este,A,89,284
2023-09-09,Este,B,339,41
2023-09-09,Este,C,347,163
2023-09-09,Este,D,250,102
2023-09-09,Oeste,A,185,129
2023-09-09,Oeste,B,434,205
2023-09-09,Oeste,C,449,260
2023-09-09,Oeste,D,475,287
2023-09-10,Norte,A,461,202
2023-09-10,Norte,B,395,265
2023-09-10,Norte,C,70,236
2023-09-10,Norte,D,456,89
2023-09-10,Sur,A,368,180
2023-09-10,Sur,B,309,54
2023-09-10,Sur,C,99,90
2023-09-10,Sur,D,236,100
2023-09-10,Este,A,447,225
2023-09-10,Este,B,205,85
2023-09-10,Este,C,320,177
2023-09-10,Este,D,282,201
2023-09-10,Oeste,A,101,229
2023-09-10,Oeste,B,407,86
2023-09-10,Oeste,C,154,238
2023-09-10,Oeste,D,458,262
2023-09-11,Norte,A,166,240
2023-09-11,Norte,B,383,260
2023-09-11,Norte,C,371,189
2023-09-11,Norte,D,474,196
2023-09-11,Sur,A,141,237
2023-09-11,Sur,B,140,108
2023-09-11,Sur,C,253,111
2023-09-11,Sur,D,198,162
2023-09-11,Este,A,365,68
2023-09-11,Este,B,308,32
2023-09-11,Este,C,280,74
2023-09-11,Este,D,287,34
2023-09-11,Oeste,A,207,132
2023-09-11,Oeste,B,225,192
2023-09-11,Oeste,C,330,282
2023-09-11,Oeste,D,280,187
2023-09-12,Norte,A,236,59
2023-09-12,Norte,B,292,58
2023-09-12,Norte,C,239,95
2023-09-12,Norte,D,103,277
2023-09-12,Sur,A,331,95
2023-09-12,Sur,B,240,83
2023-09-12,Sur,C,362,114
2023-09-12,Sur,D,393,249
2023-09-12,Este,A,396,69
2023-09-12,Este,B,99,189
2023-09-12,Este,C,446,167
2023-09-12,Este,D,260,116
2023-09-12,Oeste,A,498,111
2023-09-12,Oeste,B,263,84
2023-09-12,Oeste,C,212,105
2023-09-12,Oeste,D,150,71
2023-09-13,Norte,A,480,78
2023-09-13,Norte,B,304,35
2023-09-13,Norte,C,173,149
2023-09-13,Norte,D,489,283
2023-09-13,Sur,A,359,204
2023-09-13,Sur,B,186,165
2023-09-13,Sur,C,319,20
2023-09-13,Sur,D,341,203
2023-09-13,Este,A,385,169
2023-09-13,Este,B,90,192
2023-09-13,Este,C,233,138
2023-09-13,Este,D,454,62
2023-09-13,Oeste,A,226,288
2023-09-13,Oeste,B,76,188
2023-09-13,Oeste,C,391,47
2023-09-13,Oeste,D,114,159
2023-09-14,Norte,A,209,21
2023-09-14,Norte,B,135,290
2023-09-14,Norte,C,59,215
2023-09-14,Norte,D,334,125
2023-09-14,Sur,A,288,204
2023-09-14,Sur,B,230,34
2023-09-14,Sur,C,290,263
2023-09-14,Sur,D,218,117
2023-09-14,Este,A,494,277
2023-09-14,Este,B,348,239
2023-09-14,Este,C,242,126
2023-09-14,Este,D,160,284
2023-09-14,Oeste,A,458,286
2023-09-14,Oeste,B,149,149
2023-09-14,Oeste,C,191,64
2023-09-14,Oeste,D,448,97
2023-09-15,Norte,A,260,141
2023-09-15,Norte,B,160,244
2023-09-15,Norte,C,137,160
2023-09-15,Norte,D,204,183
2023-09-15,Sur,A,388,38
2023-09-15,Sur,B,409,199
2023-09-15,Sur,C,127,159
2023-09-15,Sur,D,90,201
2023-09-15,Este,A,477,86
2023-09-15,Este,B,473,273
2023-09-15,Este,C,232,101
2023-09-15,Este,D,362,180
2023-09-15,Oeste,A,450,282
2023-09-15,Oeste,B,176,88
2023-09-15,Oeste,C,246,92
2023-09-15,Oeste,D,140,183
2023-09-16,Norte,A,330,95
2023-09-16,Norte,B,400,174
2023-09-16,Norte,C,106,20
2023-09-16,Norte,D,110,211
2023-09-16,Sur,A,252,299
2023-09-16,Sur,B,426,272
2023-09-16,Sur,C,495,54
2023-09-16,Sur,D,333,283
2023-09-16,Este,A,280,81
2023-09-16,Este,B,413,140
2023-09-16,Este,C,365,126
2023-09-16,Este,D,178,118
2023-09-16,Oeste,A,275,54
2023-09-16,Oeste,B,322,156
2023-09-16,Oeste,C,336,202
2023-09-16,Oeste,D,99,166
2023-09-17,Norte,A,177,39
2023-09-17,Norte,B,174,120
2023-09-17,Norte,C,415,129
2023-09-17,Norte,D,420,224
2023-09-17,Sur,A,60,133
2023-09-17,Sur,B,311,160
2023-09-17,Sur,C,298,135
2023-09-17,Sur,D,290,234
2023-09-17,Este,A,424,85
2023-09-17,Este,B,274,57
2023-09-17,Este,C,162,139
2023-09-17,Este,D,299,130
2023-09-17,Oeste,A,66,215
2023-09-17,Oeste,B,496,169
2023-09-17,Oeste,C,148,286
2023-09-17,Oeste,D,327,220
2023-09-18,Norte,A,232,102
2023-09-18,Norte,B,265,96
2023-09-18,Norte,C,179,126
2023-09-18,Norte,D,289,38
2023-09-18,Sur,A,73,256
2023-09-18,Sur,B,176,207
2023-09-18,Sur,C,477,249
2023-09-18,Sur,D,214,153
2023-09-18,Este,A,188,41
2023-09-18,Este,B,222,170
2023-09-18,Este,C,178,119
2023-09-18,Este,D,303,124
2023-09-18,Oeste,A,202,181
2023-09-18,Oeste,B,255,24
2023-09-18,Oeste,C,497,102
2023-09-18,Oeste,D,251,252
2023-09-19,Norte,A,230,142
2023-09-19,Norte,B,160,129
2023-09-19,Norte,C,220,151
2023-09-19,Norte,D,185,212
2023-09-19,Sur,A,50,43
2023-09-19,Sur,B,283,214
2023-09-19,Sur,C,62,132
2023-09-19,Sur,D,66,181
2023-09-19,Este,A,74,233
2023-09-19,Este,B,225,218
2023-09-19,Este,C,453,89
2023-09-19,Este,D,259,254
2023-09-19,Oeste,A,315,60
2023-09-19,Oeste,B,217,273
2023-09-19,Oeste,C,206,79
2023-09-19,Oeste,D,469,60
2023-09-20,Norte,A,113,63
2023-09-20,Norte,B,220,199
2023-09-20,Norte,C,198,242
2023-09-20,Norte,D,353,179
2023-09-20,Sur,A,321,198
2023-09-20,Sur,B,64,298
2023-09-20,Sur,C,396,111
2023-09-20,Sur,D,173,263
2023-09-20,Este,A,96,190
2023-09-20,Este,B,344,117
2023-09-20,Este,C,403,24
2023-09-20,Este,D,59,94
2023-09-20,Oeste,A,66,251
2023-09-20,Oeste,B,420,138
2023-09-20,Oeste,C,432,95
2023-09-20,Oeste,D,188,129
2023-09-21,Norte,A,351,109
2023-09-21,Norte,B,252,43
2023-09-21,Norte,C,329,242
2023-09-21,Norte,D,279,270
2023-09-21,Sur,A,180,249
2023-09-21,Sur,B,160,145
2023-09-21,Sur,C,102,100
2023-09-21,Sur,D,391,59
2023-09-21,Este,A,441,56
2023-09-21,Este,B,210,72
2023-09-21,Este,C,50,92
2023-09-21,Este,D,78,184
2023-09-21,Oeste,A,485,136
2023-09-21,Oeste,B,342,77
2023-09-21,Oeste,C,495,187
2023-09-21,Oeste,D,474,275
2023-09-22,Norte,A,395,149
2023-09-22,Norte,B,331,51
2023-09-22,Norte,C,498,111
2023-09-22,Norte,D,145,247
2023-09-22,Sur,A,345,22
2023-09-22,Sur,B,240,20
2023-09-22,Sur,C,483,209
2023-09-22,Sur,D,296,167
2023-09-22,Este,A,200,296
2023-09-22,Este,B,131,172
2023-09-22,Este,C,212,39
2023-09-22,Este,D,83,38
2023-09-22,Oeste,A,335,269
2023-09-22,Oeste,B,367,148
2023-09-22,Oeste,C,149,25
2023-09-22,Oeste,D,371,123
2023-09-23,Norte,A,484,45
2023-09-23,Norte,B,202,66
2023-09-23,Norte,C,336,216
2023-09-23,Norte,D,175,53
2023-09-23,Sur,A,472,81
2023-09-23,Sur,B,358,26
2023-09-23,Sur,C,434,116
2023-09-23,Sur,D,393,180
2023-09-23,Este,A,496,192
2023-09-23,Este,B,396,258
2023-09-23,Este,C,191,64
2023-09-23,Este,D,478,230
2023-09-23,Oeste,A,271,199
2023-09-23,Oeste,B,319,264
2023-09-23,Oeste,C,60,139
2023-09-23,Oeste,D,322,28
2023-09-24,Norte,A,111,253
2023-09-24,Norte,B,353,285
2023-09-24,Norte,C,194,148
2023-09-24,Norte,D,473,144
2023-09-24,Sur,A,206,33
2023-09-24,Sur,B,180,45
2023-09-24,Sur,C,394,98
2023-09-24,Sur,D,229,118
2023-09-24,Este,A,266,23
2023-09-24,Este,B,338,174
2023-09-24,Este,C,431,289
2023-09-24,Este,D,61,37
2023-09-24,Oeste,A,118,241
2023-09-24,Oeste,B,490,265
2023-09-24,Oeste,C,391,158
2023-09-24,Oeste,D,83,295
2023-09-25,Norte,A,405,64
2023-09-25,Norte,B,382,130
2023-09-25,Norte,C,191,258
2023-09-25,Norte,D,231,157
2023-09-25,Sur,A,292,131
2023-09-25,Sur,B,136,224
2023-09-25,Sur,C,135,281
2023-09-25,Sur,D,366,201
2023-09-25,Este,A,234,228
2023-09-25,Este,B,463,253
2023-09-25,Este,C,161,223
2023-09-25,Este,D,70,284
2023-09-25,Oeste,A,450,275
2023-09-25,Oeste,B,200,26
2023-09-25,Oeste,C,484,286
2023-09-25,Oeste,D,376,131
2023-09-26,Norte,A,138,102
2023-09-26,Norte,B,276,106
2023-09-26,Norte,C,343,216
2023-09-26,Norte,D,249,117
2023-09-26,Sur,A,285,276
2023-09-26,Sur,B,383,162
2023-09-26,Sur,C,279,239
2023-09-26,Sur,D,405,132
2023-09-26,Este,A,200,209
2023-09-26,Este,B,191,156
2023-09-26,Este,C,349,217
2023-09-26,Este,D,349,190
2023-09-26,Oeste,A,437,268
2023-09-26,Oeste,B,181,270
2023-09-26,Oeste,C,224,207
2023-09-26,Oeste,D,255,186
2023-09-27,Norte,A,153,197
2023-09-27,Norte,B,429,34
2023-09-27,Norte,C,234,167
2023-09-27,Norte,D,237,52
2023-09-27,Sur,A,212,251
2023-09-27,Sur,B,436,294
2023-09-27,Sur,C,311,170
2023-09-27,Sur,D,117,244
2023-09-27,Este,A,336,250
2023-09-27,Este,B,247,239
2023-09-27,Este,C,425,75
2023-09-27,Este,D,306,263
2023-09-27,Oeste,A,495,92
2023-09-27,Oeste,B,70,93
2023-09-27,Oeste,C,410,90
2023-09-27,Oeste,D,321,226
2023-09-28,Norte,A,370,86
2023-09-28,Norte,B,116,119
2023-09-28,Norte,C,374,227
2023-09-28,Norte,D,444,255
2023-09-28,Sur,A,100,141
2023-09-28,Sur,B,107,272
2023-09-28,Sur,C,68,136
2023-09-28,Sur,D,53,241
2023-09-28,Este,A,80,82
2023-09-28,Este,B,447,239
2023-09-28,Este,C,187,31
2023-09-28,Este,D,196,111
2023-09-28,Oeste,A,241,58
2023-09-28,Oeste,B,96,298
2023-09-28,Oeste,C,168,76
2023-09-28,Oeste,D,459,69
2023-09-29,Norte,A,473,243
2023-09-29,Norte,B,412,233
2023-09-29,Norte,C,267,59
2023-09-29,Norte,D,129,205
2023-09-29,Sur,A,252,35
2023-09-29,Sur,B,166,105
2023-09-29,Sur,C,499,34
2023-09-29,Sur,D,190,97
2023-09-29,Este,A,261,39
2023-09-29,Este,B,165,178
2023-09-29,Este,C,77,72
2023-09-29,Este,D,51,174
2023-09-29,Oeste,A,130,297
2023-09-29,Oeste,B,313,154
2023-09-29,Oeste,C,72,64
2023-09-29,Oeste,D,491,139
2023-09-30,Norte,A,55,201
2023-09-30,Norte,B,298,232
2023-09-30,Norte,C,70,234
2023-09-30,Norte,D,468,267
2023-09-30,Sur,A,234,227
2023-09-30,Sur,B,472,115
2023-09-30,Sur,C,218,24
2023-09-30,Sur,D,51,187
2023-09-30,Este,A,243,47
2023-09-30,Este,B,411,211
2023-09-30,Este,C,487,134
2023-09-30,Este,D,404,59
2023-09-30,Oeste,A,85,290
2023-09-30,Oeste,B,208,236
2023-09-30,Oeste,C,247,286
2023-09-30,Oeste,D,116,246
2023-10-01,Norte,A,64,72
2023-10-01,Norte,B,234,119
2023-10-01,Norte,C,154,128
2023-10-01,Norte,D,486,223
2023-10-01,Sur,A,188,88
2023-10-01,Sur,B,81,286
2023-10-01,Sur,C,249,234
2023-10-01,Sur,D,246,238
2023-10-01,Este,A,174,170
2023-10-01,Este,B,447,258
2023-10-01,Este,C,335,25
2023-10-01,Este,D,489,180
2023-10-01,Oeste,A,109,239
2023-10-01,Oeste,B,78,169
2023-10-01,Oeste,C,320,299
2023-10-01,Oeste,D,179,299
2023-10-02,Norte,A,138,188
2023-10-02,Norte,B,77,187
2023-10-02,Norte,C,388,71
2023-10-02,Norte,D,231,97
2023-10-02,Sur,A,53,255
2023-10-02,Sur,B,299,282
2023-10-02,Sur,C,59,247
2023-10-02,Sur,D,492,278
2023-10-02,Este,A,361,294
2023-10-02,Este,B,427,28
2023-10-02,Este,C,497,253
2023-10-02,Este,D,372,184
2023-10-02,Oeste,A,344,110
2023-10-02,Oeste,B,136,23
2023-10-02,Oeste,C,365,136
2023-10-02,Oeste,D,485,133
2023-10-03,Norte,A,442,35
2023-10-03,Norte,B,260,227
2023-10-03,Norte,C,327,114
2023-10-03,Norte,D,53,244
2023-10-03,Sur,A,287,206
2023-10-03,Sur,B,457,40
2023-10-03,Sur,C,269,149
2023-10-03,Sur,D,247,276
2023-10-03,Este,A,206,263
2023-10-03,Este,B,276,276
2023-10-03,Este,C,458,25
2023-10-03,Este,D,196,251
2023-10-03,Oeste,A,456,184
2023-10-03,Oeste,B,478,101
2023-10-03,Oeste,C,284,118
2023-10-03,Oeste,D,495,53
2023-10-04,Norte,A,387,240
2023-10-04,Norte,B,186,190
2023-10-04,Norte,C,289,283
2023-10-04,Norte,D,96,291
2023-10-04,Sur,A,419,220
2023-10-04,Sur,B,410,119
2023-10-04,Sur,C,146,104
2023-10-04,Sur,D,434,250
2023-10-04,Este,A,233,78
2023-10-04,Este,B,221,153
2023-10-04,Este,C,471,43
2023-10-04,Este,D,365,262
2023-10-04,Oeste,A,117,297
2023-10-04,Oeste,B,416,218
2023-10-04,Oeste,C,68,57
2023-10-04,Oeste,D,352,88
2023-10-05,Norte,A,121,165
2023-10-05,Norte,B,388,245
2023-10-05,Norte,C,358,215
2023-10-05,Norte,D,474,142
2023-10-05,Sur,A,214,28
2023-10-05,Sur,B,274,102
2023-10-05,Sur,C,391,112
2023-10-05,Sur,D,341,162
2023-10-05,Este,A,264,219
2023-10-05,Este,B,141,63
2023-10-05,Este,C,264,160
2023-10-05,Este,D,146,87
2023-10-05,Oeste,A,321,199
2023-10-05,Oeste,B,75,41
2023-10-05,Oeste,C,453,196
2023-10-05,Oeste,D,266,154
2023-10-06,Norte,A,138,251
2023-10-06,Norte,B,398,262
2023-10-06,Norte,C,299,34
2023-10-06,Norte,D,212,133
2023-10-06,Sur,A,253,230
2023-10-06,Sur,B,125,235
2023-10-06,Sur,C,368,78
2023-10-06,Sur,D,353,97
2023-10-06,Este,A,154,133
2023-10-06,Este,B,310,299
2023-10-06,Este,C,426,254
2023-10-06,Este,D,472,208
2023-10-06,Oeste,A,275,288
2023-10-06,Oeste,B,152,107
2023-10-06,Oeste,C,483,231
2023-10-06,Oeste,D,115,55
2023-10-07,Norte,A,91,238
2023-10-07,Norte,B,95,84
2023-10-07,Norte,C,367,109
2023-10-07,Norte,D,350,297
2023-10-07,Sur,A,129,225
2023-10-07,Sur,B,127,73
2023-10-07,Sur,C,255,154
2023-10-07,Sur,D,287,50
2023-10-07,Este,A,305,284
2023-10-07,Este,B,427,139
2023-10-07,Este,C,439,295
2023-10-07,Este,D,429,235
2023-10-07,Oeste,A,178,137
2023-10-07,Oeste,B,295,233
2023-10-07,Oeste,C,276,67
2023-10-07,Oeste,D,91,101
2023-10-08,Norte,A,221,105
2023-10-08,Norte,B,212,241
2023-10-08,Norte,C,289,159
2023-10-08,Norte,D,247,234
2023-10-08,Sur,A,282,107
2023-10-08,Sur,B,291,42
2023-10-08,Sur,C,419,91
2023-10-08,Sur,D,109,44
2023-10-08,Este,A,116,223
2023-10-08,Este,B,294,84
2023-10-08,Este,C,336,106
2023-10-08,Este,D,347,290
2023-10-08,Oeste,A,472,267
2023-10-08,Oeste,B,478,271
2023-10-08,Oeste,C,343,285
2023-10-08,Oeste,D,116,296
2023-10-09,Norte,A,495,101
2023-10-09,Norte,B,107,184
2023-10-09,Norte,C,381,185
2023-10-09,Norte,D,285,31
2023-10-09,Sur,A,284,26
2023-10-09,Sur,B,340,146
2023-10-09,Sur,C,177,162
2023-10-09,Sur,D,373,90
2023-10-09,Este,A,239,122
2023-10-09,Este,B,345,195
2023-10-09,Este,C,275,116
2023-10-09,Este,D,161,56
2023-10-09,Oeste,A,329,298
2023-10-09,Oeste,B,471,263
2023-10-09,Oeste,C,88,39
2023-10-09,Oeste,D,417,48
2023-10-10,Norte,A,490,35
2023-10-10,Norte,B,85,133
2023-10-10,Norte,C,265,155
2023-10-10,Norte,D,480,245
2023-10-10,Sur,A,217,36
2023-10-10,Sur,B,452,218
2023-10-10,Sur,C,272,189
2023-10-10,Sur,D,76,200
2023-10-10,Este,A,220,158
2023-10-10,Este,B,104,28
2023-10-10,Este,C,363,232
2023-10-10,Este,D,151,188
2023-10-10,Oeste,A,345,185
2023-10-10,Oeste,B,480,185
2023-10-10,Oeste,C,184,51
2023-10-10,Oeste,D,232,143
2023-10-11,Norte,A,400,215
2023-10-11,Norte,B,362,259
2023-10-11,Norte,C,462,192
2023-10-11,Norte,D,266,202
2023-10-11,Sur,A,365,146
2023-10-11,Sur,B,97,223
2023-10-11,Sur,C,397,285
2023-10-11,Sur,D,332,232
2023-10-11,Este,A,369,209
2023-10-11,Este,B,196,49
2023-10-11,Este,C,403,162
2023-10-11,Este,D,194,50
2023-10-11,Oeste,A,472,181
2023-10-11,Oeste,B,243,266
2023-10-11,Oeste,C,183,157
2023-10-11,Oeste,D,393,195
2023-10-12,Norte,A,304,259
2023-10-12,Norte,B,378,247
2023-10-12,Norte,C,103,118
2023-10-12,Norte,D,452,266
2023-10-12,Sur,A,438,22
2023-10-12,Sur,B,480,219
2023-10-12,Sur,C,255,152
2023-10-12,Sur,D,266,100
2023-10-12,Este,A,470,49
2023-10-12,Este,B,99,252
2023-10-12,Este,C,382,283
2023-10-12,Este,D,222,69
2023-10-12,Oeste,A,115,232
2023-10-12,Oeste,B,165,153
2023-10-12,Oeste,C,440,200
2023-10-12,Oeste,D,481,249
2023-10-13,Norte,A,276,274
2023-10-13,Norte,B,138,159
2023-10-13,Norte,C,401,89
2023-10-13,Norte,D,103,107
2023-10-13,Sur,A,353,71
2023-10-13,Sur,B,193,79
2023-10-13,Sur,C,391,87
2023-10-13,Sur,D,442,298
2023-10-13,Este,A,249,212
2023-10-13,Este,B,186,22
2023-10-13,Este,C,188,131
2023-10-13,Este,D,271,86
2023-10-13,Oeste,A,360,193
2023-10-13,Oeste,B,463,157
2023-10-13,Oeste,C,200,46
2023-10-13,Oeste,D,238,85
2023-10-14,Norte,A,399,203
2023-10-14,Norte,B,87,143
2023-10-14,Norte,C,93,162
2023-10-14,Norte,D,263,94
2023-10-14,Sur,A,421,129
2023-10-14,Sur,B,413,169
2023-10-14,Sur,C,87,110
2023-10-14,Sur,D,255,184
2023-10-14,Este,A,498,243
2023-10-14,Este,B,162,227
2023-10-14,Este,C,389,120
2023-10-14,Este,D,426,110
2023-10-14,Oeste,A,423,55
2023-10-14,Oeste,B,198,200
2023-10-14,Oeste,C,77,69
2023-10-14,Oeste,D,292,178
2023-10-15,Norte,A,255,27
2023-10-15,Norte,B,452,179
2023-10-15,Norte,C,148,206
2023-10-15,Norte,D,246,178
2023-10-15,Sur,A,57,273
2023-10-15,Sur,B,210,157
2023-10-15,Sur,C,423,288
2023-10-15,Sur,D,180,244
2023-10-15,Este,A,278,68
2023-10-15,Este,B,93,37
2023-10-15,Este,C,95,201
2023-10-15,Este,D,261,197
2023-10-15,Oeste,A,435,276
2023-10-15,Oeste,B,494,299
2023-10-15,Oeste,C,97,269
2023-10-15,Oeste,D,96,144
2023-10-16,Norte,A,286,259
2023-10-16,Norte,B,300,226
2023-10-16,Norte,C,54,88
2023-10-16,Norte,D,453,235
2023-10-16,Sur,A,82,240
2023-10-16,Sur,B,471,166
2023-10-16,Sur,C,132,273
2023-10-16,Sur,D,86,154
2023-10-16,Este,A,316,178
2023-10-16,Este,B,101,50
2023-10-16,Este,C,303,33
2023-10-16,Este,D,456,50
2023-10-16,Oeste,A,185,134
2023-10-16,Oeste,B,156,183
2023-10-16,Oeste,C,365,183
2023-10-16,Oeste,D,474,131
2023-10-17,Norte,A,374,171
2023-10-17,Norte,B,52,289
2023-10-17,Norte,C,396,252
2023-10-17,Norte,D,128,109
2023-10-17,Sur,A,166,146
2023-10-17,Sur,B,470,142
2023-10-17,Sur,C,200,140
2023-10-17,Sur,D,233,157
2023-10-17,Este,A,289,200
2023-10-17,Este,B,257,170
2023-10-17,Este,C,57,195
2023-10-17,Este,D,419,251
2023-10-17,Oeste,A,493,264
2023-10-17,Oeste,B,456,258
2023-10-17,Oeste,C,229,41
2023-10-17,Oeste,D,190,271
2023-10-18,Norte,A,128,69
2023-10-18,Norte,B,343,97
2023-10-18,Norte,C,143,252
2023-10-18,Norte,D,75,56
2023-10-18,Sur,A,272,203
2023-10-18,Sur,B,284,138
2023-10-18,Sur,C,494,262
2023-10-18,Sur,D,488,292
2023-10-18,Este,A,83,244
2023-10-18,Este,B,430,238
2023-10-18,Este,C,103,67
2023-10-18,Este,D,371,40
2023-10-18,Oeste,A,382,263
2023-10-18,Oeste,B,153,249
2023-10-18,Oeste,C,328,78
2023-10-18,Oeste,D,306,144
2023-10-19,Norte,A,433,224
2023-10-19,Norte,B,246,64
2023-10-19,Norte,C,171,225
2023-10-19,Norte,D,267,184
2023-10-19,Sur,A,427,259
2023-10-19,Sur,B,262,215
2023-10-19,Sur,C,363,187
2023-10-19,Sur,D,65,37
2023-10-19,Este,A,397,87
2023-10-19,Este,B,241,117
2023-10-19,Este,C,229,182
2023-10-19,Este,D,418,272
2023-10-19,Oeste,A,456,100
2023-10-19,Oeste,B,169,193
2023-10-19,Oeste,C,447,261
2023-10-19,Oeste,D,206,70
2023-10-20,Norte,A,149,292
2023-10-20,Norte,B,389,178
2023-10-20,Norte,C,96,58
2023-10-20,Norte,D,310,142
2023-10-20,Sur,A,326,116
2023-10-20,Sur,B,314,44
2023-10-20,Sur,C,88,272
2023-10-20,Sur,D,404,38
2023-10-20,Este,A,99,109
2023-10-20,Este,B,77,59
2023-10-20,Este,C,61,239
2023-10-20,Este,D,350,48
2023-10-20,Oeste,A,119,116
2023-10-20,Oeste,B,253,251
2023-10-20,Oeste,C,188,118
2023-10-20,Oeste,D,275,295
2023-10-21,Norte,A,397,147
2023-10-21,Norte,B,164,273
2023-10-21,Norte,C,397,78
2023-10-21,Norte,D,347,193
2023-10-21,Sur,A,326,251
2023-10-21,Sur,B,92,97
2023-10-21,Sur,C,418,273
2023-10-21,Sur,D,491,279
2023-10-21,Este,A,362,149
2023-10-21,Este,B,154,114
2023-10-21,Este,C,104,174
2023-10-21,Este,D,392,71
2023-10-21,Oeste,A,456,176
2023-10-21,Oeste,B,162,61
2023-10-21,Oeste,C,118,156
2023-10-21,Oeste,D,369,95
2023-10-22,Norte,A,153,78
2023-10-22,Norte,B,116,112
2023-10-22,Norte,C,171,255
2023-10-22,Norte,D,133,20
2023-10-22,Sur,A,176,189
2023-10-22,Sur,B,95,252
2023-10-22,Sur,C,110,72
2023-10-22,Sur,D,103,272
2023-10-22,Este,A,300,31
2023-10-22,Este,B,96,90
2023-10-22,Este,C,227,74
2023-10-22,Este,D,172,42
2023-10-22,Oeste,A,206,194
2023-10-22,Oeste,B,490,143
2023-10-22,Oeste,C,53,233
2023-10-22,Oeste,D,219,132
2023-10-23,Norte,A,385,192
2023-10-23,Norte,B,322,99
2023-10-23,Norte,C,136,52
2023-10-23,Norte,D,137,45
2023-10-23,Sur,A,166,191
2023-10-23,Sur,B,131,107
2023-10-23,Sur,C,435,28
2023-10-23,Sur,D,244,74
2023-10-23,Este,A,213,271
2023-10-23,Este,B,447,169
2023-10-23,Este,C,466,260
2023-10-23,Este,D,315,173
2023-10-23,Oeste,A,180,89
2023-10-23,Oeste,B,402,132
2023-10-23,Oeste,C,317,203
2023-10-23,Oeste,D,498,142
2023-10-24,Norte,A,403,282
2023-10-24,Norte,B,248,101
2023-10-24,Norte,C,110,161
2023-10-24,Norte,D,68,212
2023-10-24,Sur,A,165,118
2023-10-24,Sur,B,412,45
2023-10-24,Sur,C,382,178
2023-10-24,Sur,D,192,258
2023-10-24,Este,A,403,179
2023-10-24,Este,B,61,148
2023-10-24,Este,C,260,222
2023-10-24,Este,D,270,87
2023-10-24,Oeste,A,355,260
2023-10-24,Oeste,B,205,57
2023-10-24,Oeste,C,418,283
2023-10-24,Oeste,D,134,144
2023-10-25,Norte,A,259,129
2023-10-25,Norte,B,486,191
2023-10-25,Norte,C,228,184
2023-10-25,Norte,D,412,147
2023-10-25,Sur,A,201,239
2023-10-25,Sur,B,485,183
2023-10-25,Sur,C,368,156
2023-10-25,Sur,D,324,96
2023-10-25,Este,A,185,294
2023-10-25,Este,B,63,87
2023-10-25,Este,C,53,181
2023-10-25,Este,D,201,130
2023-10-25,Oeste,A,149,96
2023-10-25,Oeste,B,256,216
2023-10-25,Oeste,C,174,42
2023-10-25,Oeste,D,426,145
2023-10-26,Norte,A,114,29
2023-10-26,Norte,B,493,193
2023-10-26,Norte,C,112,148
2023-10-26,Norte,D,429,273
2023-10-26,Sur,A,368,54
2023-10-26,Sur,B,499,108
2023-10-26,Sur,C,393,91
2023-10-26,Sur,D,392,193
2023-10-26,Este,A,442,173
2023-10-26,Este,B,240,66
2023-10-26,Este,C,205,247
2023-10-26,Este,D,86,240
2023-10-26,Oeste,A,180,260
2023-10-26,Oeste,B,147,112
2023-10-26,Oeste,C,271,289
2023-10-26,Oeste,D,204,50
2023-10-27,Norte,A,427,297
2023-10-27,Norte,B,321,46
2023-10-27,Norte,C,226,225
2023-10-27,Norte,D,64,77
2023-10-27,Sur,A,434,31
2023-10-27,Sur,B,212,158
2023-10-27,Sur,C,172,218
2023-10-27,Sur,D,292,55
2023-10-27,Este,A,99,268
2023-10-27,Este,B,306,62
2023-10-27,Este,C,422,83
2023-10-27,Este,D,482,288
2023-10-27,Oeste,A,459,109
2023-10-27,Oeste,B,434,82
2023-10-27,Oeste,C,217,161
2023-10-27,Oeste,D,63,159
2023-10-28,Norte,A,315,27
2023-10-28,Norte,B,378,232
2023-10-28,Norte,C,299,31
2023-10-28,Norte,D,221,265
2023-10-28,Sur,A,292,249
2023-10-28,Sur,B,428,37
2023-10-28,Sur,C,230,142
2023-10-28,Sur,D,53,224
2023-10-28,Este,A,223,29
2023-10-28,Este,B,345,154
2023-10-28,Este,C,446,281
2023-10-28,Este,D,104,225
2023-10-28,Oeste,A,103,226
2023-10-28,Oeste,B,78,280
2023-10-28,Oeste,C,123,119
2023-10-28,Oeste,D,401,64
2023-10-29,Norte,A,105,100
2023-10-29,Norte,B,270,75
2023-10-29,Norte,C,189,298
2023-10-29,Norte,D,306,164
2023-10-29,Sur,A,259,101
2023-10-29,Sur,B,50,47
2023-10-29,Sur,C,285,285
2023-10-29,Sur,D,285,232
2023-10-29,Este,A,399,134
2023-10-29,Este,B,326,46
2023-10-29,Este,C,134,55
2023-10-29,Este,D,180,257
2023-10-29,Oeste,A,487,33
2023-10-29,Oeste,B,393,71
2023-10-29,Oeste,C,312,58
2023-10-29,Oeste,D,343,68
2023-10-30,Norte,A,118,174
2023-10-30,Norte,B,180,292
2023-10-30,Norte,C,262,246
2023-10-30,Norte,D,248,33
2023-10-30,Sur,A,264,51
2023-10-30,Sur,B,413,96
2023-10-30,Sur,C,154,243
2023-10-30,Sur,D,175,25
2023-10-30,Este,A,363,140
2023-10-30,Este,B,228,297
2023-10-30,Este,C,219,254
2023-10-30,Este,D,223,244
2023-10-30,Oeste,A,446,27
2023-10-30,Oeste,B,224,152
2023-10-30,Oeste,C,461,26
2023-10-30,Oeste,D,51,226
2023-10-31,Norte,A,221,214
2023-10-31,Norte,B,258,138
2023-10-31,Norte,C,145,200
2023-10-31,Norte,D,389,116
2023-10-31,Sur,A,185,220
2023-10-31,Sur,B,261,31
2023-10-31,Sur,C,265,94
2023-10-31,Sur,D,403,294
2023-10-31,Este,A,497,202
2023-10-31,Este,B,274,83
2023-10-31,Este,C,77,188
2023-10-31,Este,D,363,179
2023-10-31,Oeste,A,248,244
2023-10-31,Oeste,B,267,291
2023-10-31,Oeste,C,489,286
2023-10-31,Oeste,D,105,53
2023-11-01,Norte,A,180,287
2023-11-01,Norte,B,288,95
2023-11-01,Norte,C,219,179
2023-11-01,Norte,D,442,244
2023-11-01,Sur,A,238,45
2023-11-01,Sur,B,305,277
2023-11-01,Sur,C,266,262
2023-11-01,Sur,D,264,102
2023-11-01,Este,A,56,25
2023-11-01,Este,B,453,48
2023-11-01,Este,C,414,249
2023-11-01,Este,D,202,296
2023-11-01,Oeste,A,472,106
2023-11-01,Oeste,B,293,120
2023-11-01,Oeste,C,221,25
2023-11-01,Oeste,D,60,125
2023-11-02,Norte,A,105,105
2023-11-02,Norte,B,384,250
2023-11-02,Norte,C,264,155
2023-11-02,Norte,D,469,48
2023-11-02,Sur,A,70,98
2023-11-02,Sur,B,239,29
2023-11-02,Sur,C,277,77
2023-11-02,Sur,D,100,97
2023-11-02,Este,A,94,194
2023-11-02,Este,B,293,283
2023-11-02,Este,C,116,290
2023-11-02,Este,D,242,115
2023-11-02,Oeste,A,302,43
2023-11-02,Oeste,B,163,265
2023-11-02,Oeste,C,217,286
2023-11-02,Oeste,D,144,137
2023-11-03,Norte,A,125,25
2023-11-03,Norte,B,192,73
2023-11-03,Norte,C,488,288
2023-11-03,Norte,D,260,280
2023-11-03,Sur,A,143,214
2023-11-03,Sur,B,58,153
2023-11-03,Sur,C,445,255
2023-11-03,Sur,D,468,223
2023-11-03,Este,A,450,81
2023-11-03,Este,B,100,230
2023-11-03,Este,C,239,107
2023-11-03,Este,D,230,134
2023-11-03,Oeste,A,306,43
2023-11-03,Oeste,B,265,206
2023-11-03,Oeste,C,229,137
2023-11-03,Oeste,D,171,128
2023-11-04,Norte,A,98,76
2023-11-04,Norte,B,448,50
2023-11-04,Norte,C,350,182
2023-11-04,Norte,D,114,287
2023-11-04,Sur,A,326,36
2023-11-04,Sur,B,467,54
2023-11-04,Sur,C,491,207
2023-11-04,Sur,D,209,111
2023-11-04,Este,A,298,203
2023-11-04,Este,B,379,200
2023-11-04,Este,C,268,107
2023-11-04,Este,D,166,52
2023-11-04,Oeste,A,347,184
2023-11-04,Oeste,B,446,123
2023-11-04,Oeste,C,86,69
2023-11-04,Oeste,D,60,51
2023-11-05,Norte,A,257,276
2023-11-05,Norte,B,388,29
2023-11-05,Norte,C,416,196
2023-11-05,Norte,D,491,228
2023-11-05,Sur,A,174,56
2023-11-05,Sur,B,290,52
2023-11-05,Sur,C,63,163
2023-11-05,Sur,D,366,248
2023-11-05,Este,A,300,131
2023-11-05,Este,B,111,102
2023-11-05,Este,C,414,195
2023-11-05,Este,D,376,224
2023-11-05,Oeste,A,489,111
2023-11-05,Oeste,B,202,229
2023-11-05,Oeste,C,370,287
2023-11-05,Oeste,D,147,123
2023-11-06,Norte,A,309,118
2023-11-06,Norte,B,441,217
2023-11-06,Norte,C,380,73
2023-11-06,Norte,D,199,190
2023-11-06,Sur,A,149,141
2023-11-06,Sur,B,441,186
2023-11-06,Sur,C,233,100
2023-11-06,Sur,D,300,146
2023-11-06,Este,A,451,247
2023-11-06,Este,B,67,270
2023-11-06,Este,C,212,128
2023-11-06,Este,D,152,98
2023-11-06,Oeste,A,304,276
2023-11-06,Oeste,B,66,37
2023-11-06,Oeste,C,87,280
2023-11-06,Oeste,D,142,78
2023-11-07,Norte,A,335,289
2023-11-07,Norte,B,394,106
2023-11-07,Norte,C,130,135
2023-11-07,Norte,D,274,161
2023-11-07,Sur,A,360,199
2023-11-07,Sur,B,230,271
2023-11-07,Sur,C,134,171
2023-11-07,Sur,D,454,193
2023-11-07,Este,A,352,100
2023-11-07,Este,B,325,70
2023-11-07,Este,C,300,194
2023-11-07,Este,D,318,147
2023-11-07,Oeste,A,380,47
2023-11-07,Oeste,B,208,74
2023-11-07,Oeste,C,182,137
2023-11-07,Oeste,D,123,189
2023-11-08,Norte,A,434,191
2023-11-08,Norte,B,344,153
2023-11-08,Norte,C,444,220
2023-11-08,Norte,D,359,175
2023-11-08,Sur,A,177,242
2023-11-08,Sur,B,109,287
2023-11-08,Sur,C,324,37
2023-11-08,Sur,D,497,72
2023-11-08,Este,A,442,55
2023-11-08,Este,B,463,273
2023-11-08,Este,C,338,205
2023-11-08,Este,D,395,142
2023-11-08,Oeste,A,225,83
2023-11-08,Oeste,B,107,257
2023-11-08,Oeste,C,153,244
2023-11-08,Oeste,D,329,265
2023-11-09,Norte,A,183,232
2023-11-09,Norte,B,435,34
2023-11-09,Norte,C,339,244
2023-11-09,Norte,D,230,133
2023-11-09,Sur,A,75,267
2023-11-09,Sur,B,443,63
2023-11-09,Sur,C,105,265
2023-11-09,Sur,D,413,49
2023-11-09,Este,A,400,184
2023-11-09,Este,B,314,118
2023-11-09,Este,C,435,81
2023-11-09,Este,D,283,202
2023-11-09,Oeste,A,357,109
2023-11-09,Oeste,B,266,154
2023-11-09,Oeste,C,418,162
2023-11-09,Oeste,D,359,72
2023-11-10,Norte,A,444,115
2023-11-10,Norte,B,168,127
2023-11-10,Norte,C,389,201
2023-11-10,Norte,D,278,78
2023-11-10,Sur,A,218,219
2023-11-10,Sur,B,316,79
2023-11-10,Sur,C,97,240
2023-11-10,Sur,D,389,228
2023-11-10,Este,A,454,23
2023-11-10,Este,B,128,220
2023-11-10,Este,C,369,75
2023-11-10,Este,D,419,230
2023-11-10,Oeste,A,54,184
2023-11-10,Oeste,B,113,20
2023-11-10,Oeste,C,454,169
2023-11-10,Oeste,D,132,142
2023-11-11,Norte,A,90,131
2023-11-11,Norte,B,259,235
2023-11-11,Norte,C,109,245
2023-11-11,Norte,D,363,45
2023-11-11,Sur,A,148,24
2023-11-11,Sur,B,90,63
2023-11-11,Sur,C,438,166
2023-11-11,Sur,D,196,133
2023-11-11,Este,A,414,230
2023-11-11,Este,B,265,88
2023-11-11,Este,C,417,232
2023-11-11,Este,D,160,264
2023-11-11,Oeste,A,213,255
2023-11-11,Oeste,B,183,31
2023-11-11,Oeste,C,463,72
2023-11-11,Oeste,D,186,62
2023-11-12,Norte,A,364,244
2023-11-12,Norte,B,111,140
2023-11-12,Norte,C,372,284
2023-11-12,Norte,D,294,212
2023-11-12,Sur,A,343,38
2023-11-12,Sur,B,407,110
2023-11-12,Sur,C,100,129
2023-11-12,Sur,D,280,242
2023-11-12,Este,A,74,89
2023-11-12,Este,B,74,80
2023-11-12,Este,C,310,147
2023-11-12,Este,D,437,166
2023-11-12,Oeste,A,263,75
2023-11-12,Oeste,B,485,78
2023-11-12,Oeste,C,412,288
2023-11-12,Oeste,D,344,112
2023-11-13,Norte,A,436,207
2023-11-13,Norte,B,150,141
2023-11-13,Norte,C,380,85
2023-11-13,Norte,D,243,157
2023-11-13,Sur,A,264,251
2023-11-13,Sur,B,368,207
2023-11-13,Sur,C,387,228
2023-11-13,Sur,D,84,104
2023-11-13,Este,A,93,138
2023-11-13,Este,B,327,63
2023-11-13,Este,C,263,68
2023-11-13,Este,D,232,160
2023-11-13,Oeste,A,195,79
2023-11-13,Oeste,B,221,286
2023-11-13,Oeste,C,497,29
2023-11-13,Oeste,D,432,56
2023-11-14,Norte,A,445,109
2023-11-14,Norte,B,385,269
2023-11-14,Norte,C,420,267
2023-11-14,Norte,D,434,146
2023-11-14,Sur,A,66,226
2023-11-14,Sur,B,103,98
2023-11-14,Sur,C,314,236
2023-11-14,Sur,D,234,153
2023-11-14,Este,A,302,184
2023-11-14,Este,B,398,39
2023-11-14,Este,C,454,59
2023-11-14,Este,D,382,94
2023-11-14,Oeste,A,65,236
2023-11-14,Oeste,B,148,297
2023-11-14,Oeste,C,181,100
2023-11-14,Oeste,D,478,93
2023-11-15,Norte,A,151,265
2023-11-15,Norte,B,348,187
2023-11-15,Norte,C,192,185
2023-11-15,Norte,D,494,97
2023-11-15,Sur,A,454,288
2023-11-15,Sur,B,163,88
2023-11-15,Sur,C,426,248
2023-11-15,Sur,D,264,44
2023-11-15,Este,A,414,129
2023-11-15,Este,B,338,144
2023-11-15,Este,C,233,182
2023-11-15,Este,D,254,136
2023-11-15,Oeste,A,67,66
2023-11-15,Oeste,B,215,215
2023-11-15,Oeste,C,360,298
2023-11-15,Oeste,D,88,103
2023-11-16,Norte,A,443,248
2023-11-16,Norte,B,454,235
2023-11-16,Norte,C,469,248
2023-11-16,Norte,D,350,99
2023-11-16,Sur,A,54,206
2023-11-16,Sur,B,363,128
2023-11-16,Sur,C,410,247
2023-11-16,Sur,D,56,282
2023-11-16,Este,A,411,219
2023-11-16,Este,B,254,60
2023-11-16,Este,C,320,161
2023-11-16,Este,D,263,264
2023-11-16,Oeste,A,307,239
2023-11-16,Oeste,B,209,60
2023-11-16,Oeste,C,192,187
2023-11-16,Oeste,D,259,101
2023-11-17,Norte,A,119,106
2023-11-17,Norte,B,210,262
2023-11-17,Norte,C,386,200
2023-11-17,Norte,D,393,275
2023-11-17,Sur,A,423,180
2023-11-17,Sur,B,141,34
2023-11-17,Sur,C,478,61
2023-11-17,Sur,D,461,274
2023-11-17,Este,A,152,277
2023-11-17,Este,B,382,137
2023-11-17,Este,C,158,99
2023-11-17,Este,D,243,31
2023-11-17,Oeste,A,291,132
2023-11-17,Oeste,B,243,39
2023-11-17,Oeste,C,400,254
2023-11-17,Oeste,D,374,148
2023-11-18,Norte,A,422,298
2023-11-18,Norte,B,233,124
2023-11-18,Norte,C,102,179
2023-11-18,Norte,D,348,24
2023-11-18,Sur,A,149,114
2023-11-18,Sur,B,468,106
2023-11-18,Sur,C,429,255
2023-11-18,Sur,D,136,268
2023-11-18,Este,A,451,91
2023-11-18,Este,B,364,178
2023-11-18,Este,C,235,224
2023-11-18,Este,D,375,271
2023-11-18,Oeste,A,371,159
2023-11-18,Oeste,B,202,91
2023-11-18,Oeste,C,407,155
2023-11-18,Oeste,D,124,219
2023-11-19,Norte,A,380,100
2023-11-19,Norte,B,326,198
2023-11-19,Norte,C,489,43
2023-11-19,Norte,D,120,106
2023-11-19,Sur,A,123,143
2023-11-19,Sur,B,455,188
2023-11-19,Sur,C,453,119
2023-11-19,Sur,D,201,230
2023-11-19,Este,A,135,202
2023-11-19,Este,B,446,297
2023-11-19,Este,C,257,292
2023-11-19,Este,D,332,117
2023-11-19,Oeste,A,260,59
2023-11-19,Oeste,B,424,108
2023-11-19,Oeste,C,93,208
2023-11-19,Oeste,D,68,83
2023-11-20,Norte,A,358,228
2023-11-20,Norte,B,238,140
2023-11-20,Norte,C,141,269
2023-11-20,Norte,D,484,155
2023-11-20,Sur,A,151,240
2023-11-20,Sur,B,370,71
2023-11-20,Sur,C,203,187
2023-11-20,Sur,D,77,99
2023-11-20,Este,A,283,141
2023-11-20,Este,B,153,177
2023-11-20,Este,C,193,226
2023-11-20,Este,D,197,193
2023-11-20,Oeste,A,96,277
2023-11-20,Oeste,B,50,146
2023-11-20,Oeste,C,213,278
2023-11-20,Oeste,D,70,209
2023-11-21,Norte,A,481,149
2023-11-21,Norte,B,160,53
2023-11-21,Norte,C,442,62
2023-11-21,Norte,D,305,93
2023-11-21,Sur,A,427,98
2023-11-21,Sur,B,368,288
2023-11-21,Sur,C,336,293
2023-11-21,Sur,D,384,212
2023-11-21,Este,A,147,136
2023-11-21,Este,B,213,195
2023-11-21,Este,C,117,130
2023-11-21,Este,D,52,262
2023-11-21,Oeste,A,68,255
2023-11-21,Oeste,B,134,38
2023-11-21,Oeste,C,110,184
2023-11-21,Oeste,D,449,109
2023-11-22,Norte,A,466,36
2023-11-22,Norte,B,375,167
2023-11-22,Norte,C,276,36
2023-11-22,Norte,D,377,140
2023-11-22,Sur,A,343,36
2023-11-22,Sur,B,151,193
2023-11-22,Sur,C,438,269
2023-11-22,Sur,D,474,279
2023-11-22,Este,A,224,181
2023-11-22,Este,B,167,56
2023-11-22,Este,C,82,147
2023-11-22,Este,D,460,162
2023-11-22,Oeste,A,400,129
2023-11-22,Oeste,B,252,208
2023-11-22,Oeste,C,405,139
2023-11-22,Oeste,D,421,172
2023-11-23,Norte,A,57,111
2023-11-23,Norte,B,198,189
2023-11-23,Norte,C,125,159
2023-11-23,Norte,D,94,112
2023-11-23,Sur,A,482,149
2023-11-23,Sur,B,222,202
2023-11-23,Sur,C,437,287
2023-11-23,Sur,D,417,162
2023-11-23,Este,A,380,63
2023-11-23,Este,B,334,159
2023-11-23,Este,C,152,212
2023-11-23,Este,D,252,209
2023-11-23,Oeste,A,298,112
2023-11-23,Oeste,B,71,63
2023-11-23,Oeste,C,129,193
2023-11-23,Oeste,D,436,180
2023-11-24,Norte,A,437,163
2023-11-24,Norte,B,381,254
2023-11-24,Norte,C,440,57
2023-11-24,Norte,D,225,53
2023-11-24,Sur,A,126,276
2023-11-24,Sur,B,107,263
2023-11-24,Sur,C,186,261
2023-11-24,Sur,D,308,219
2023-11-24,Este,A,414,265
2023-11-24,Este,B,315,207
2023-11-24,Este,C,380,62
2023-11-24,Este,D,471,22
2023-11-24,Oeste,A,498,190
2023-11-24,Oeste,B,238,252
2023-11-24,Oeste,C,382,219
2023-11-24,Oeste,D,304,141
2023-11-25,Norte,A,308,250
2023-11-25,Norte,B,249,267
2023-11-25,Norte,C,281,213
2023-11-25,Norte,D,218,229
2023-11-25,Sur,A,349,136
2023-11-25,Sur,B,307,260
2023-11-25,Sur,C,169,39
2023-11-25,Sur,D,418,33
2023-11-25,Este,A,307,258
2023-11-25,Este,B,90,245
2023-11-25,Este,C,92,262
2023-11-25,Este,D,479,176
2023-11-25,Oeste,A,328,247
2023-11-25,Oeste,B,83,168
2023-11-25,Oeste,C,407,215
2023-11-25,Oeste,D,479,175
2023-11-26,Norte,A,464,280
2023-11-26,Norte,B,446,100
2023-11-26,Norte,C,423,294
2023-11-26,Norte,D,323,73
2023-11-26,Sur,A,348,129
2023-11-26,Sur,B,498,296
2023-11-26,Sur,C,172,150
2023-11-26,Sur,D,236,219
2023-11-26,Este,A,341,163
2023-11-26,Este,B,333,118
2023-11-26,Este,C,368,106
2023-11-26,Este,D,101,193
2023-11-26,Oeste,A,354,189
2023-11-26,Oeste,B,402,79
2023-11-26,Oeste,C,237,39
2023-11-26,Oeste,D,417,143
2023-11-27,Norte,A,197,81
2023-11-27,Norte,B,209,186
2023-11-27,Norte,C,390,239
2023-11-27,Norte,D,166,213
2023-11-27,Sur,A,496,66
2023-11-27,Sur,B,77,159
2023-11-27,Sur,C,179,181
2023-11-27,Sur,D,478,61
2023-11-27,Este,A,438,157
2023-11-27,Este,B,264,23
2023-11-27,Este,C,123,174
2023-11-27,Este,D,94,130
2023-11-27,Oeste,A,170,109
2023-11-27,Oeste,B,318,116
2023-11-27,Oeste,C,476,47
2023-11-27,Oeste,D,398,222
2023-11-28,Norte,A,130,103
2023-11-28,Norte,B,198,159
2023-11-28,Norte,C,256,270
2023-11-28,Norte,D,482,179
2023-11-28,Sur,A,373,55
2023-11-28,Sur,B,284,231
2023-11-28,Sur,C,312,284
2023-11-28,Sur,D,72,107
2023-11-28,Este,A,369,72
2023-11-28,Este,B,163,22
2023-11-28,Este,C,271,226
2023-11-28,Este,D,311,208
2023-11-28,Oeste,A,301,140
2023-11-28,Oeste,B,428,154
2023-11-28,Oeste,C,240,136
2023-11-28,Oeste,D,78,131
2023-11-29,Norte,A,454,73
2023-11-29,Norte,B,221,122
2023-11-29,Norte,C,146,289
2023-11-29,Norte,D,445,85
2023-11-29,Sur,A,98,208
2023-11-29,Sur,B,459,151
2023-11-29,Sur,C,467,208
2023-11-29,Sur,D,217,122
2023-11-29,Este,A,474,286
2023-11-29,Este,B,51,199
2023-11-29,Este,C,474,25
2023-11-29,Este,D,215,126
2023-11-29,Oeste,A,446,273
2023-11-29,Oeste,B,385,115
2023-11-29,Oeste,C,148,240
2023-11-29,Oeste,D,302,179
2023-11-30,Norte,A,305,248
2023-11-30,Norte,B,92,53
2023-11-30,Norte,C,186,21
2023-11-30,Norte,D,334,211
2023-11-30,Sur,A,238,142
2023-11-30,Sur,B,445,215
2023-11-30,Sur,C,497,230
2023-11-30,Sur,D,158,47
2023-11-30,Este,A,433,179
2023-11-30,Este,B,338,68
2023-11-30,Este,C,439,211
2023-11-30,Este,D,109,25
2023-11-30,Oeste,A,218,153
2023-11-30,Oeste,B,80,128
2023-11-30,Oeste,C,156,235
2023-11-30,Oeste,D,181,283
2023-12-01,Norte,A,291,56
2023-12-01,Norte,B,231,121
2023-12-01,Norte,C,389,103
2023-12-01,Norte,D,290,96
2023-12-01,Sur,A,219,36
2023-12-01,Sur,B,243,100
2023-12-01,Sur,C,59,229
2023-12-01,Sur,D,477,58
2023-12-01,Este,A,60,170
2023-12-01,Este,B,196,179
2023-12-01,Este,C,395,190
2023-12-01,Este,D,419,177
2023-12-01,Oeste,A,285,125
2023-12-01,Oeste,B,484,48
2023-12-01,Oeste,C,394,36
2023-12-01,Oeste,D,314,172
2023-12-02,Norte,A,381,55
2023-12-02,Norte,B,124,55
2023-12-02,Norte,C,477,61
2023-12-02,Norte,D,111,93
2023-12-02,Sur,A,473,268
2023-12-02,Sur,B,445,21
2023-12-02,Sur,C,272,122
2023-12-02,Sur,D,438,273
2023-12-02,Este,A,297,109
2023-12-02,Este,B,324,109
2023-12-02,Este,C,228,247
2023-12-02,Este,D,124,45
2023-12-02,Oeste,A,365,138
2023-12-02,Oeste,B,256,24
2023-12-02,Oeste,C,306,266
2023-12-02,Oeste,D,191,29
2023-12-03,Norte,A,430,253
2023-12-03,Norte,B,96,191
2023-12-03,Norte,C,392,70
2023-12-03,Norte,D,415,299
2023-12-03,Sur,A,226,67
2023-12-03,Sur,B,259,114
2023-12-03,Sur,C,345,118
2023-12-03,Sur,D,301,135
2023-12-03,Este,A,165,159
2023-12-03,Este,B,430,138
2023-12-03,Este,C,308,139
2023-12-03,Este,D,53,110
2023-12-03,Oeste,A,490,88
2023-12-03,Oeste,B,324,80
2023-12-03,Oeste,C,121,107
2023-12-03,Oeste,D,167,91
2023-12-04,Norte,A,168,198
2023-12-04,Norte,B,96,121
2023-12-04,Norte,C,356,293
2023-12-04,Norte,D,54,212
2023-12-04,Sur,A,69,84
2023-12-04,Sur,B,168,193
2023-12-04,Sur,C,177,75
2023-12-04,Sur,D,404,289
2023-12-04,Este,A,227,33
2023-12-04,Este,B,400,254
2023-12-04,Este,C,298,203
2023-12-04,Este,D,329,270
2023-12-04,Oeste,A,68,168
2023-12-04,Oeste,B,218,209
2023-12-04,Oeste,C,231,285
2023-12-04,Oeste,D,318,116
2023-12-05,Norte,A,369,151
2023-12-05,Norte,B,302,286
2023-12-05,Norte,C,330,269
2023-12-05,Norte,D,205,289
2023-12-05,Sur,A,278,132
2023-12-05,Sur,B,151,224
2023-12-05,Sur,C,371,282
2023-12-05,Sur,D,330,98
2023-12-05,Este,A,367,199
2023-12-05,Este,B,318,102
2023-12-05,Este,C,107,120
2023-12-05,Este,D,299,63
2023-12-05,Oeste,A,222,233
2023-12-05,Oeste,B,349,296
2023-12-05,Oeste,C,139,78
2023-12-05,Oeste,D,83,196
2023-12-06,Norte,A,263,288
2023-12-06,Norte,B,237,170
2023-12-06,Norte,C,97,107
2023-12-06,Norte,D,282,209
2023-12-06,Sur,A,126,220
2023-12-06,Sur,B,384,90
2023-12-06,Sur,C,318,224
2023-12-06,Sur,D,202,77
2023-12-06,Este,A,483,136
2023-12-06,Este,B,310,147
2023-12-06,Este,C,494,207
2023-12-06,Este,D,446,84
2023-12-06,Oeste,A,259,127
2023-12-06,Oeste,B,275,94
2023-12-06,Oeste,C,433,268
2023-12-06,Oeste,D,216,195
2023-12-07,Norte,A,146,140
2023-12-07,Norte,B,423,151
2023-12-07,Norte,C,383,27
2023-12-07,Norte,D,409,40
2023-12-07,Sur,A,475,260
2023-12-07,Sur,B,178,47
2023-12-07,Sur,C,265,223
2023-12-07,Sur,D,302,114
2023-12-07,Este,A,329,297
2023-12-07,Este,B,328,101
2023-12-07,Este,C,491,82
2023-12-07,Este,D,239,243
2023-12-07,Oeste,A,189,74
2023-12-07,Oeste,B,332,278
2023-12-07,Oeste,C,345,226
2023-12-07,Oeste,D,387,251
2023-12-08,Norte,A,413,33
2023-12-08,Norte,B,273,21
2023-12-08,Norte,C,304,243
2023-12-08,Norte,D,431,160
2023-12-08,Sur,A,187,83
2023-12-08,Sur,B,265,264
2023-12-08,Sur,C,151,40
2023-12-08,Sur,D,314,227
2023-12-08,Este,A,350,175
2023-12-08,Este,B,348,217
2023-12-08,Este,C,125,185
2023-12-08,Este,D,351,152
2023-12-08,Oeste,A,166,65
2023-12-08,Oeste,B,462,238
2023-12-08,Oeste,C,351,102
2023-12-08,Oeste,D,128,180
2023-12-09,Norte,A,267,189
2023-12-09,Norte,B,155,297
2023-12-09,Norte,C,98,131
2023-12-09,Norte,D,79,284
2023-12-09,Sur,A,348,298
2023-12-09,Sur,B,425,293
2023-12-09,Sur,C,389,283
2023-12-09,Sur,D,226,78
2023-12-09,Este,A,102,165
2023-12-09,Este,B,277,64
2023-12-09,Este,C,486,65
2023-12-09,Este,D,295,231
2023-12-09,Oeste,A,365,112
2023-12-09,Oeste,B,236,87
2023-12-09,Oeste,C,235,209
2023-12-09,Oeste,D,258,207
2023-12-10,Norte,A,238,175
2023-12-10,Norte,B,295,114
2023-12-10,Norte,C,126,52
2023-12-10,Norte,D,433,201
2023-12-10,Sur,A,409,297
2023-12-10,Sur,B,401,225
2023-12-10,Sur,C,92,215
2023-12-10,Sur,D,140,118
2023-12-10,Este,A,394,232
2023-12-10,Este,B,305,186
2023-12-10,Este,C,136,174
2023-12-10,Este,D,420,52
2023-12-10,Oeste,A,109,203
2023-12-10,Oeste,B,160,39
2023-12-10,Oeste,C,422,114
2023-12-10,Oeste,D,494,105
2023-12-11,Norte,A,461,67
2023-12-11,Norte,B,474,256
2023-12-11,Norte,C,145,77
2023-12-11,Norte,D,128,97
2023-12-11,Sur,A,439,143
2023-12-11,Sur,B,95,270
2023-12-11,Sur,C,458,173
2023-12-11,Sur,D,464,249
2023-12-11,Este,A,446,123
2023-12-11,Este,B,283,125
2023-12-11,Este,C,322,56
2023-12-11,Este,D,71,172
2023-12-11,Oeste,A,298,45
2023-12-11,Oeste,B,345,233
2023-12-11,Oeste,C,201,20
2023-12-11,Oeste,D,297,24
2023-12-12,Norte,A,54,251
2023-12-12,Norte,B,102,131
2023-12-12,Norte,C,490,156
2023-12-12,Norte,D,132,58
2023-12-12,Sur,A,228,243
2023-12-12,Sur,B,167,68
2023-12-12,Sur,C,342,96
2023-12-12,Sur,D,443,153
2023-12-12,Este,A,426,90
2023-12-12,Este,B,395,252
2023-12-12,Este,C,105,196
2023-12-12,Este,D,280,156
2023-12-12,Oeste,A,466,120
2023-12-12,Oeste,B,252,148
2023-12-12,Oeste,C,360,125
2023-12-12,Oeste,D,457,149
2023-12-13,Norte,A,363,267
2023-12-13,Norte,B,353,59
2023-12-13,Norte,C,211,38
2023-12-13,Norte,D,442,225
2023-12-13,Sur,A,275,39
2023-12-13,Sur,B,386,98
2023-12-13,Sur,C,371,45
2023-12-13,Sur,D,366,223
2023-12-13,Este,A,480,24
2023-12-13,Este,B,347,144
2023-12-13,Este,C,210,244
2023-12-13,Este,D,331,298
2023-12-13,Oeste,A,182,177
2023-12-13,Oeste,B,414,135
2023-12-13,Oeste,C,287,223
2023-12-13,Oeste,D,64,160
2023-12-14,Norte,A,404,45
2023-12-14,Norte,B,364,137
2023-12-14,Norte,C,274,234
2023-12-14,Norte,D,124,115
2023-12-14,Sur,A,292,272
2023-12-14,Sur,B,328,151
2023-12-14,Sur,C,487,84
2023-12-14,Sur,D,146,115
2023-12-14,Este,A,116,252
2023-12-14,Este,B,390,27
2023-12-14,Este,C,104,66
2023-12-14,Este,D,495,247
2023-12-14,Oeste,A,457,54
2023-12-14,Oeste,B,310,235
2023-12-14,Oeste,C,452,297
2023-12-14,Oeste,D,462,180
2023-12-15,Norte,A,253,66
2023-12-15,Norte,B,57,260
2023-12-15,Norte,C,235,255
2023-12-15,Norte,D,200,167
2023-12-15,Sur,A,451,51
2023-12-15,Sur,B,412,171
2023-12-15,Sur,C,251,112
2023-12-15,Sur,D,320,214
2023-12-15,Este,A,175,153
2023-12-15,Este,B,89,211
2023-12-15,Este,C,473,20
2023-12-15,Este,D,178,204
2023-12-15,Oeste,A,57,58
2023-12-15,Oeste,B,418,36
2023-12-15,Oeste,C,349,88
2023-12-15,Oeste,D,128,22
2023-12-16,Norte,A,371,177
2023-12-16,Norte,B,71,133
2023-12-16,Norte,C,178,52
2023-12-16,Norte,D,108,213
2023-12-16,Sur,A,277,252
2023-12-16,Sur,B,294,285
2023-12-16,Sur,C,234,147
2023-12-16,Sur,D,262,140
2023-12-16,Este,A,403,67
2023-12-16,Este,B,64,157
2023-12-16,Este,C,474,101
2023-12-16,Este,D,415,106
2023-12-16,Oeste,A,87,294
2023-12-16,Oeste,B,160,159
2023-12-16,Oeste,C,347,260
2023-12-16,Oeste,D,149,230
2023-12-17,Norte,A,164,156
2023-12-17,Norte,B,353,138
2023-12-17,Norte,C,149,130
2023-12-17,Norte,D,478,203
2023-12-17,Sur,A,327,264
2023-12-17,Sur,B,391,129
2023-12-17,Sur,C,366,102
2023-12-17,Sur,D,299,122
2023-12-17,Este,A,334,290
2023-12-17,Este,B,371,109
2023-12-17,Este,C,96,69
2023-12-17,Este,D,336,116
2023-12-17,Oeste,A,184,86
2023-12-17,Oeste,B,486,201
2023-12-17,Oeste,C,383,160
2023-12-17,Oeste,D,432,290
2023-12-18,Norte,A,378,25
2023-12-18,Norte,B,410,206
2023-12-18,Norte,C,369,78
2023-12-18,Norte,D,388,93
2023-12-18,Sur,A,433,151
2023-12-18,Sur,B,405,256
2023-12-18,Sur,C,308,84
2023-12-18,Sur,D,94,252
2023-12-18,Este,A,483,168
2023-12-18,Este,B,481,147
2023-12-18,Este,C,493,86
2023-12-18,Este,D,278,109
2023-12-18,Oeste,A,128,259
2023-12-18,Oeste,B,456,222
2023-12-18,Oeste,C,271,280
2023-12-18,Oeste,D,415,237
2023-12-19,Norte,A,149,140
2023-12-19,Norte,B,372,224
2023-12-19,Norte,C,402,260
2023-12-19,Norte,D,261,46
2023-12-19,Sur,A,57,189
2023-12-19,Sur,B,382,260
2023-12-19,Sur,C,342,94
2023-12-19,Sur,D,121,42
2023-12-19,Este,A,75,158
2023-12-19,Este,B,170,290
2023-12-19,Este,C,408,185
2023-12-19,Este,D,364,195
2023-12-19,Oeste,A,346,183
2023-12-19,Oeste,B,329,117
2023-12-19,Oeste,C,496,170
2023-12-19,Oeste,D,232,173
2023-12-20,Norte,A,379,61
2023-12-20,Norte,B,318,248
2023-12-20,Norte,C,69,256
2023-12-20,Norte,D,390,118
2023-12-20,Sur,A,247,266
2023-12-20,Sur,B,93,241
2023-12-20,Sur,C,498,56
2023-12-20,Sur,D,225,142
2023-12-20,Este,A,222,33
2023-12-20,Este,B,311,85
2023-12-20,Este,C,298,74
2023-12-20,Este,D,415,254
2023-12-20,Oeste,A,266,145
2023-12-20,Oeste,B,390,115
2023-12-20,Oeste,C,106,68
2023-12-20,Oeste,D,264,127
2023-12-21,Norte,A,457,150
2023-12-21,Norte,B,250,203
2023-12-21,Norte,C,191,254
2023-12-21,Norte,D,194,138
2023-12-21,Sur,A,230,110
2023-12-21,Sur,B,251,183
2023-12-21,Sur,C,79,138
2023-12-21,Sur,D,180,92
2023-12-21,Este,A,454,204
2023-12-21,Este,B,265,111
2023-12-21,Este,C,400,110
2023-12-21,Este,D,170,92
2023-12-21,Oeste,A,275,197
2023-12-21,Oeste,B,168,163
2023-12-21,Oeste,C,248,222
2023-12-21,Oeste,D,471,297
2023-12-22,Norte,A,113,235
2023-12-22,Norte,B,309,220
2023-12-22,Norte,C,272,201
2023-12-22,Norte,D,278,184
2023-12-22,Sur,A,384,204
2023-12-22,Sur,B,498,189
2023-12-22,Sur,C,282,188
2023-12-22,Sur,D,166,62
2023-12-22,Este,A,346,290
2023-12-22,Este,B,391,129
2023-12-22,Este,C,288,46
2023-12-22,Este,D,390,191
2023-12-22,Oeste,A,442,125
2023-12-22,Oeste,B,119,169
2023-12-22,Oeste,C,285,273
2023-12-22,Oeste,D,399,56
2023-12-23,Norte,A,450,292
2023-12-23,Norte,B,144,176
2023-12-23,Norte,C,54,65
2023-12-23,Norte,D,240,133
2023-12-23,Sur,A,493,121
2023-12-23,Sur,B,138,247
2023-12-23,Sur,C,248,167
2023-12-23,Sur,D,330,43
2023-12-23,Este,A,310,106
2023-12-23,Este,B,162,209
2023-12-23,Este,C,412,248
2023-12-23,Este,D,134,138
2023-12-23,Oeste,A,194,204
2023-12-23,Oeste,B,111,172
2023-12-23,Oeste,C,83,36
2023-12-23,Oeste,D,244,212
2023-12-24,Norte,A,188,65
2023-12-24,Norte,B,57,36
2023-12-24,Norte,C,433,153
2023-12-24,Norte,D,82,43
2023-12-24,Sur,A,384,172
2023-12-24,Sur,B,231,299
2023-12-24,Sur,C,213,173
2023-12-24,Sur,D,410,156
2023-12-24,Este,A,89,87
2023-12-24,Este,B,61,58
2023-12-24,Este,C,390,29
2023-12-24,Este,D,205,274
2023-12-24,Oeste,A,318,93
2023-12-24,Oeste,B,444,292
2023-12-24,Oeste,C,396,183
2023-12-24,Oeste,D,167,205
2023-12-25,Norte,A,249,191
2023-12-25,Norte,B,183,169
2023-12-25,Norte,C,193,183
2023-12-25,Norte,D,364,268
2023-12-25,Sur,A,418,163
2023-12-25,Sur,B,202,257
2023-12-25,Sur,C,133,64
2023-12-25,Sur,D,473,130
2023-12-25,Este,A,489,173
2023-12-25,Este,B,413,282
2023-12-25,Este,C,117,174
2023-12-25,Este,D,415,20
2023-12-25,Oeste,A,186,79
2023-12-25,Oeste,B,325,240
2023-12-25,Oeste,C,193,124
2023-12-25,Oeste,D,372,202
2023-12-26,Norte,A,468,134
2023-12-26,Norte,B,352,270
2023-12-26,Norte,C,475,20
2023-12-26,Norte,D,167,199
2023-12-26,Sur,A,130,289
2023-12-26,Sur,B,325,269
2023-12-26,Sur,C,444,21
2023-12-26,Sur,D,430,63
2023-12-26,Este,A,137,66
2023-12-26,Este,B,390,241
2023-12-26,Este,C,332,188
2023-12-26,Este,D,489,134
2023-12-26,Oeste,A,216,140
2023-12-26,Oeste,B,261,110
2023-12-26,Oeste,C,434,58
2023-12-26,Oeste,D,364,157
2023-12-27,Norte,A,360,275
2023-12-27,Norte,B,296,204
2023-12-27,Norte,C,281,212
2023-12-27,Norte,D,207,22
2023-12-27,Sur,A,368,174
2023-12-27,Sur,B,423,64
2023-12-27,Sur,C,289,115
2023-12-27,Sur,D,386,101
2023-12-27,Este,A,89,25
2023-12-27,Este,B,313,48
2023-12-27,Este,C,288,227
2023-12-27,Este,D,182,210
2023-12-27,Oeste,A,459,138
2023-12-27,Oeste,B,237,138
2023-12-27,Oeste,C,476,299
2023-12-27,Oeste,D,460,84
2023-12-28,Norte,A,266,68
2023-12-28,Norte,B,316,159
2023-12-28,Norte,C,409,76
2023-12-28,Norte,D,335,80
2023-12-28,Sur,A,160,267
2023-12-28,Sur,B,127,44
2023-12-28,Sur,C,294,152
2023-12-28,Sur,D,460,293
2023-12-28,Este,A,337,118
2023-12-28,Este,B,477,43
2023-12-28,Este,C,172,117
2023-12-28,Este,D,121,244
2023-12-28,Oeste,A,448,259
2023-12-28,Oeste,B,333,183
2023-12-28,Oeste,C,404,167
2023-12-28,Oeste,D,175,156
2023-12-29,Norte,A,419,295
2023-12-29,Norte,B,122,280
2023-12-29,Norte,C,181,63
2023-12-29,Norte,D,162,183
2023-12-29,Sur,A,247,284
2023-12-29,Sur,B,266,271
2023-12-29,Sur,C,415,277
2023-12-29,Sur,D,434,42
2023-12-29,Este,A,77,224
2023-12-29,Este,B,161,221
2023-12-29,Este,C,336,247
2023-12-29,Este,D,303,69
2023-12-29,Oeste,A,281,67
2023-12-29,Oeste,B,292,121
2023-12-29,Oeste,C,341,203
2023-12-29,Oeste,D,484,160
2023-12-30,Norte,A,264,188
2023-12-30,Norte,B,67,211
2023-12-30,Norte,C,214,100
2023-12-30,Norte,D,326,64
2023-12-30,Sur,A,251,192
2023-12-30,Sur,B,213,82
2023-12-30,Sur,C,346,64
2023-12-30,Sur,D,338,27
2023-12-30,Este,A,168,131
2023-12-30,Este,B,89,284
2023-12-30,Este,C,324,195
2023-12-30,Este,D,486,221
2023-12-30,Oeste,A,204,253
2023-12-30,Oeste,B,235,100
2023-12-30,Oeste,C,278,192
2023-12-30,Oeste,D,312,159
2023-12-31,Norte,A,293,277
2023-12-31,Norte,B,145,186
2023-12-31,Norte,C,416,183
2023-12-31,Norte,D,371,97
2023-12-31,Sur,A,475,162
2023-12-31,Sur,B,388,245
2023-12-31,Sur,C,340,101
2023-12-31,Sur,D,288,226
2023-12-31,Este,A,400,127
2023-12-31,Este,B,394,270
2023-12-31,Este,C,368,263
2023-12-31,Este,D,83,236
2023-12-31,Oeste,A,381,27
2023-12-31,Oeste,B,431,80
2023-12-31,Oeste,C,391,89
2023-12-31,Oeste,D,168,299
