PassengerId,Survived,Pclass,Name,Sex,Age,SibSp,Parch,Ticket,Fare,Cabin,Embarked,Pclass_Label,Title,Deck,Cabin_Number,Location_Longitude,Location_Lateral,Has_Lifeboat_Access,FamilySize
1,0,3,"Braund, Mr. Owen Harris",Male,22.0,1,0,A/5 21171,7.25,,Southampton,Third Class,Mr,F,81.0,Aft,Starboard,False,2
2,1,1,"Cumings, Mrs. John Bradley (Florence Briggs Thayer)",Female,38.0,1,0,PC 17599,71.2833,C85,Cherbourg,First Class,Mrs,C,85.0,Aft,Starboard,False,2
3,1,3,"Heikkinen, Miss. Laina",Female,26.0,0,0,STON/O2. 3101282,7.925,,Southampton,Third Class,Miss,G,48.0,Forward,Port,False,1
4,1,1,"Futrelle, Mrs. Jacques Heath (Lily May Peel)",Female,35.0,1,0,113803,53.1,C123,Southampton,First Class,Mrs,C,123.0,Aft,Starboard,False,2
5,0,3,"Allen, Mr. William Henry",Male,35.0,0,0,373450,8.05,,Southampton,Third Class,Mr,E,173.0,Aft,Starboard,False,1
6,0,3,"Moran, Mr. James",Male,40.0,0,0,330877,8.4583,,Queenstown,Third Class,Mr,E,35.0,Forward,Starboard,False,1
7,0,1,"McCarthy, Mr. Timothy J",Male,54.0,0,0,17463,51.8625,E46,Southampton,First Class,Mr,E,46.0,Forward,Port,False,1
8,0,3,"Palsson, Master. Gosta Leonard",Male,2.0,3,1,349909,21.075,,Southampton,Third Class,Master,G,18.0,Forward,Port,False,5
9,1,3,"Johnson, Mrs. Oscar W (Elisabeth Vilhelmina Berg)",Female,27.0,0,2,347742,11.1333,,Southampton,Third Class,Mrs,F,27.0,Forward,Starboard,False,3
10,1,2,"Nasser, Mrs. Nicholas (Adele Achem)",Female,14.0,1,0,237736,30.0708,,Cherbourg,Second Class,Mrs,F,28.0,Forward,Port,False,2
11,1,3,"Sandstrom, Miss. Marguerite Rut",Female,4.0,1,1,PP 9549,16.7,G6,Southampton,Third Class,Miss,G,6.0,Forward,Port,False,3
12,1,1,"Bonnell, Miss. Elizabeth",Female,58.0,0,0,113783,26.55,C103,Southampton,First Class,Miss,C,103.0,Aft,Starboard,False,1
13,0,3,"Saundercock, Mr. William Henry",Male,20.0,0,0,A/5. 2151,8.05,,Southampton,Third Class,Mr,F,96.0,Aft,Port,False,1
14,0,3,"Andersson, Mr. Anders Johan",Male,39.0,1,5,347082,31.275,,Southampton,Third Class,Mr,G,53.0,Aft,Starboard,False,7
15,0,3,"Vestrom, Miss. Hulda Amanda Adolfina",Female,14.0,0,0,350406,7.8542,,Southampton,Third Class,Miss,F,82.0,Aft,Port,False,1
16,1,2,"Hewlett, Mrs. (Mary D Kingcome) ",Female,55.0,0,0,248706,16.0,,Southampton,Second Class,Mrs,F,81.0,Aft,Starboard,False,1
17,0,3,"Rice, Master. Eugene",Male,2.0,4,1,382652,29.125,,Queenstown,Third Class,Master,E,122.0,Aft,Port,False,6
18,1,2,"Williams, Mr. Charles Eugene",Male,46.0,0,0,244373,13.0,,Southampton,Second Class,Mr,E,181.0,Aft,Starboard,False,1
19,0,3,"Vander Planke, Mrs. Julius (Emelia Maria Vandemoortele)",Female,31.0,1,0,345763,18.0,,Southampton,Third Class,Mrs,F,49.0,Forward,Starboard,False,2
20,1,3,"Masselmani, Mrs. Fatima",Female,40.0,0,0,2649,7.225,,Cherbourg,Third Class,Mrs,F,5.0,Forward,Starboard,False,1
21,0,2,"Fynney, Mr. Joseph J",Male,35.0,0,0,239865,26.0,,Southampton,Second Class,Mr,F,2.0,Forward,Port,False,1
22,1,2,"Beesley, Mr. Lawrence",Male,34.0,0,0,248698,13.0,D56,Southampton,Second Class,Mr,D,56.0,Aft,Port,False,1
23,1,3,"McGowan, Miss. Anna ""Annie""",Female,15.0,0,0,330923,8.0292,,Queenstown,Third Class,Miss,G,24.0,Forward,Port,False,1
24,1,1,"Sloper, Mr. William Thompson",Male,28.0,0,0,113788,35.5,A6,Southampton,First Class,Mr,A,6.0,Forward,Port,True,1
25,0,3,"Palsson, Miss. Torborg Danira",Female,8.0,3,1,349909,21.075,,Southampton,Third Class,Miss,G,10.0,Forward,Port,False,5
26,1,3,"Asplund, Mrs. Carl Oscar (Selma Augusta Emilia Johansson)",Female,38.0,1,5,347077,31.3875,,Southampton,Third Class,Mrs,E,120.0,Aft,Port,False,7
27,0,3,"Emir, Mr. Farred Chehab",Male,18.0,0,0,2631,7.225,,Cherbourg,Third Class,Mr,F,4.0,Forward,Port,False,1
28,0,1,"Fortune, Mr. Charles Alexander",Male,19.0,3,2,19950,263.0,C23 C25 C27,Southampton,First Class,Mr,C,23.0,Forward,Starboard,False,6
29,1,3,"O'Dwyer, Miss. Ellen ""Nellie""",Female,22.0,0,0,330959,7.8792,,Queenstown,Third Class,Miss,E,8.0,Forward,Port,False,1
30,0,3,"Todoroff, Mr. Lalio",Male,56.0,0,0,349216,7.8958,,Southampton,Third Class,Mr,F,34.0,Forward,Port,False,1
31,0,1,"Uruchurtu, Don. Manuel E",Male,40.0,0,0,PC 17601,27.7208,,Cherbourg,First Class,Don,E,127.0,Aft,Starboard,False,1
32,1,1,"Spencer, Mrs. William Augustus (Marie Eugenie)",Female,26.0,1,0,PC 17569,146.5208,B78,Cherbourg,First Class,Mrs,B,78.0,Aft,Port,True,2
33,1,3,"Glynn, Miss. Mary Agatha",Female,16.0,0,0,335677,7.75,,Queenstown,Third Class,Miss,G,42.0,Forward,Port,False,1
34,0,2,"Wheadon, Mr. Edward H",Male,66.0,0,0,C.A. 24579,10.5,,Southampton,Second Class,Mr,D,71.0,Aft,Starboard,False,1
35,0,1,"Meyer, Mr. Edgar Joseph",Male,28.0,1,0,PC 17604,82.1708,,Cherbourg,First Class,Mr,A,22.0,Forward,Port,True,2
36,0,1,"Holverson, Mr. Alexander Oskar",Male,42.0,1,0,113789,52.0,,Southampton,First Class,Mr,B,87.0,Aft,Starboard,True,2
37,1,3,"Mamee, Mr. Hanna",Male,36.0,0,0,2677,7.2292,,Cherbourg,Third Class,Mr,G,38.0,Forward,Port,False,1
38,0,3,"Cann, Mr. Ernest Charles",Male,21.0,0,0,A./5. 2152,8.05,,Southampton,Third Class,Mr,G,12.0,Forward,Port,False,1
39,0,3,"Vander Planke, Miss. Augusta Maria",Female,18.0,2,0,345764,18.0,,Southampton,Third Class,Miss,G,32.0,Forward,Port,False,3
40,1,3,"Nicola-Yarred, Miss. Jamila",Female,14.0,1,0,2651,11.2417,,Cherbourg,Third Class,Miss,G,27.0,Forward,Starboard,False,2
41,0,3,"Ahlin, Mrs. Johan (Johanna Persdotter Larsson)",Female,40.0,1,0,7546,9.475,,Southampton,Third Class,Mrs,F,52.0,Aft,Port,False,2
42,0,2,"Turpin, Mrs. William John Robert (Dorothy Ann Wonnacott)",Female,27.0,1,0,11668,21.0,,Southampton,Second Class,Mrs,F,63.0,Aft,Starboard,False,2
43,0,3,"Kraeff, Mr. Theodor",Male,48.0,0,0,349253,7.8958,,Cherbourg,Third Class,Mr,F,52.0,Aft,Port,False,1
44,1,2,"Laroche, Miss. Simonne Marie Anne Andree",Female,3.0,1,2,SC/Paris 2123,41.5792,,Cherbourg,Second Class,Miss,E,33.0,Forward,Starboard,False,4
45,1,3,"Devaney, Miss. Margaret Delia",Female,19.0,0,0,330958,7.8792,,Queenstown,Third Class,Miss,F,68.0,Aft,Port,False,1
46,0,3,"Rogers, Mr. William John",Male,26.0,0,0,S.C./A.4. 23567,8.05,,Southampton,Third Class,Mr,E,199.0,Aft,Starboard,False,1
47,0,3,"Lennon, Mr. Denis",Male,22.0,1,0,370371,15.5,,Queenstown,Third Class,Mr,F,67.0,Aft,Starboard,False,2
48,1,3,"O'Driscoll, Miss. Bridget",Female,17.0,0,0,14311,7.75,,Queenstown,Third Class,Miss,F,43.0,Forward,Starboard,False,1
49,0,3,"Samaan, Mr. Youssef",Male,54.0,2,0,2662,21.6792,,Cherbourg,Third Class,Mr,E,35.0,Forward,Starboard,False,3
50,0,3,"Arnold-Franchi, Mrs. Josef (Josefine Franchi)",Female,18.0,1,0,349237,17.8,,Southampton,Third Class,Mrs,F,8.0,Forward,Port,False,2
51,0,3,"Panula, Master. Juha Niilo",Male,7.0,4,1,3101295,39.6875,,Southampton,Third Class,Master,E,91.0,Aft,Starboard,False,6
52,0,3,"Nosworthy, Mr. Richard Cater",Male,21.0,0,0,A/4. 39886,7.8,,Southampton,Third Class,Mr,E,177.0,Aft,Starboard,False,1
53,1,1,"Harper, Mrs. Henry Sleeper (Myna Haxtun)",Female,49.0,1,0,PC 17572,76.7292,D33,Cherbourg,First Class,Mrs,D,33.0,Forward,Starboard,False,2
54,1,2,"Faunthorpe, Mrs. Lizzie (Elizabeth Anne Wilkinson)",Female,29.0,1,0,2926,26.0,,Southampton,Second Class,Mrs,E,99.0,Aft,Starboard,False,2
55,0,1,"Ostby, Mr. Engelhart Cornelius",Male,65.0,0,1,113509,61.9792,B30,Cherbourg,First Class,Mr,B,30.0,Forward,Port,True,2
56,1,1,"Woolner, Mr. Hugh",Male,27.0,0,0,19947,35.5,C52,Southampton,First Class,Mr,C,52.0,Aft,Port,False,1
57,1,2,"Rugg, Miss. Emily",Female,21.0,0,0,C.A. 31026,10.5,,Southampton,Second Class,Miss,F,75.0,Aft,Starboard,False,1
58,0,3,"Novel, Mr. Mansouer",Male,28.5,0,0,2697,7.2292,,Cherbourg,Third Class,Mr,F,49.0,Forward,Starboard,False,1
59,1,2,"West, Miss. Constance Mirium",Female,5.0,1,2,C.A. 34651,27.75,,Southampton,Second Class,Miss,E,53.0,Aft,Starboard,False,4
60,0,3,"Goodwin, Master. William Frederick",Male,11.0,5,2,CA 2144,46.9,,Southampton,Third Class,Master,F,1.0,Forward,Starboard,False,8
61,0,3,"Sirayanian, Mr. Orsen",Male,22.0,0,0,2669,7.2292,,Cherbourg,Third Class,Mr,G,57.0,Aft,Starboard,False,1
62,1,1,"Icard, Miss. Amelie",Female,38.0,0,0,113572,80.0,B28,Southampton,First Class,Miss,B,28.0,Forward,Port,True,1
63,0,1,"Harris, Mr. Henry Birkhardt",Male,45.0,1,0,36973,83.475,C83,Southampton,First Class,Mr,C,83.0,Aft,Starboard,False,2
64,0,3,"Skoog, Master. Harald",Male,4.0,3,2,347088,27.9,,Southampton,Third Class,Master,G,58.0,Aft,Port,False,6
65,0,1,"Stewart, Mr. Albert A",Male,20.0,0,0,PC 17605,27.7208,,Cherbourg,First Class,Mr,D,48.0,Forward,Port,False,1
66,1,3,"Moubarek, Master. Gerios",Male,10.0,1,1,2661,15.2458,,Cherbourg,Third Class,Master,G,51.0,Aft,Starboard,False,3
67,1,2,"Nye, Mrs. (Elizabeth Ramell)",Female,29.0,0,0,C.A. 29395,10.5,F33,Southampton,Second Class,Mrs,F,33.0,Forward,Starboard,False,1
68,0,3,"Crease, Mr. Ernest James",Male,19.0,0,0,S.P. 3464,8.1583,,Southampton,Third Class,Mr,G,37.0,Forward,Starboard,False,1
69,1,3,"Andersson, Miss. Erna Alexandra",Female,17.0,4,2,3101281,7.925,,Southampton,Third Class,Miss,F,6.0,Forward,Port,False,7
70,0,3,"Kink, Mr. Vincenz",Male,26.0,2,0,315151,8.6625,,Southampton,Third Class,Mr,E,197.0,Aft,Starboard,False,3
71,0,2,"Jenkin, Mr. Stephen Curnow",Male,32.0,0,0,C.A. 33111,10.5,,Southampton,Second Class,Mr,D,60.0,Aft,Port,False,1
72,0,3,"Goodwin, Miss. Lillian Amy",Female,16.0,5,2,CA 2144,46.9,,Southampton,Third Class,Miss,G,60.0,Aft,Port,False,8
73,0,2,"Hood, Mr. Ambrose Jr",Male,21.0,0,0,S.O.C. 14879,73.5,,Southampton,Second Class,Mr,D,138.0,Aft,Port,False,1
74,0,3,"Chronopoulos, Mr. Apostolos",Male,26.0,1,0,2680,14.4542,,Cherbourg,Third Class,Mr,F,47.0,Forward,Starboard,False,2
75,1,3,"Bing, Mr. Lee",Male,32.0,0,0,1601,56.4958,,Southampton,Third Class,Mr,G,21.0,Forward,Starboard,False,1
76,0,3,"Moen, Mr. Sigurd Hansen",Male,25.0,0,0,348123,7.65,F G73,Southampton,Third Class,Mr,F,73.0,Aft,Starboard,False,1
77,0,3,"Staneff, Mr. Ivan",Male,39.0,0,0,349208,7.8958,,Southampton,Third Class,Mr,G,31.0,Forward,Starboard,False,1
78,0,3,"Moutal, Mr. Rahamin Haim",Male,39.0,0,0,374746,8.05,,Southampton,Third Class,Mr,F,12.0,Forward,Port,False,1
79,1,2,"Caldwell, Master. Alden Gates",Male,0.83,0,2,248738,29.0,,Southampton,Second Class,Master,E,28.0,Forward,Port,False,3
80,1,3,"Dowdell, Miss. Elizabeth",Female,30.0,0,0,364516,12.475,,Southampton,Third Class,Miss,E,17.0,Forward,Starboard,False,1
81,0,3,"Waelens, Mr. Achille",Male,22.0,0,0,345767,9.0,,Southampton,Third Class,Mr,E,28.0,Forward,Port,False,1
82,1,3,"Sheerlinck, Mr. Jan Baptist",Male,29.0,0,0,345779,9.5,,Southampton,Third Class,Mr,F,28.0,Forward,Port,False,1
83,1,3,"McDermott, Miss. Brigdet Delia",Female,25.0,0,0,330932,7.7875,,Queenstown,Third Class,Miss,G,39.0,Forward,Starboard,False,1
84,0,1,"Carrau, Mr. Francisco M",Male,28.0,0,0,113059,47.1,,Southampton,First Class,Mr,E,32.0,Forward,Port,False,1
85,1,2,"Ilett, Miss. Bertha",Female,17.0,0,0,SO/C 14885,10.5,,Southampton,Second Class,Miss,F,7.0,Forward,Starboard,False,1
86,1,3,"Backstrom, Mrs. Karl Alfred (Maria Mathilda Gustafsson)",Female,33.0,3,0,3101278,15.85,,Southampton,Third Class,Mrs,E,102.0,Aft,Port,False,4
87,0,3,"Ford, Mr. William Neal",Male,16.0,1,3,W./C. 6608,34.375,,Southampton,Third Class,Mr,F,76.0,Aft,Port,False,5
88,0,3,"Slocovski, Mr. Selman Francis",Male,57.0,0,0,SOTON/OQ 392086,8.05,,Southampton,Third Class,Mr,E,104.0,Aft,Port,False,1
89,1,1,"Fortune, Miss. Mabel Helen",Female,23.0,3,2,19950,263.0,C23 C25 C27,Southampton,First Class,Miss,C,23.0,Forward,Starboard,False,6
90,0,3,"Celotti, Mr. Francesco",Male,24.0,0,0,343275,8.05,,Southampton,Third Class,Mr,F,60.0,Aft,Port,False,1
91,0,3,"Christmann, Mr. Emil",Male,29.0,0,0,343276,8.05,,Southampton,Third Class,Mr,G,28.0,Forward,Port,False,1
92,0,3,"Andreasson, Mr. Paul Edvin",Male,20.0,0,0,347466,7.8542,,Southampton,Third Class,Mr,E,19.0,Forward,Starboard,False,1
93,0,1,"Chaffee, Mr. Herbert Fuller",Male,46.0,1,0,W.E.P. 5734,61.175,E31,Southampton,First Class,Mr,E,31.0,Forward,Starboard,False,2
94,0,3,"Dean, Mr. Bertram Frank",Male,26.0,1,2,C.A. 2315,20.575,,Southampton,Third Class,Mr,F,96.0,Aft,Port,False,4
95,0,3,"Coxon, Mr. Daniel",Male,59.0,0,0,364500,7.25,,Southampton,Third Class,Mr,F,71.0,Aft,Starboard,False,1
96,0,3,"Shorney, Mr. Charles Joseph",Male,60.0,0,0,374910,8.05,,Southampton,Third Class,Mr,F,45.0,Forward,Starboard,False,1
97,0,1,"Goldschmidt, Mr. George B",Male,71.0,0,0,PC 17754,34.6542,A5,Cherbourg,First Class,Mr,A,5.0,Forward,Starboard,True,1
98,1,1,"Greenfield, Mr. William Bertram",Male,23.0,0,1,PC 17759,63.3583,D10 D12,Cherbourg,First Class,Mr,D,10.0,Forward,Port,False,2
99,1,2,"Doling, Mrs. John T (Ada Julia Bone)",Female,34.0,0,1,231919,23.0,,Southampton,Second Class,Mrs,D,40.0,Forward,Port,False,2
100,0,2,"Kantor, Mr. Sinai",Male,34.0,1,0,244367,26.0,,Southampton,Second Class,Mr,F,76.0,Aft,Port,False,2
101,0,3,"Petranec, Miss. Matilda",Female,28.0,0,0,349245,7.8958,,Southampton,Third Class,Miss,F,63.0,Aft,Starboard,False,1
102,0,3,"Petroff, Mr. Pastcho (""Pentcho"")",Male,26.0,0,0,349215,7.8958,,Southampton,Third Class,Mr,F,55.0,Aft,Starboard,False,1
103,0,1,"White, Mr. Richard Frasar",Male,21.0,0,1,35281,77.2875,D26,Southampton,First Class,Mr,D,26.0,Forward,Port,False,2
104,0,3,"Johansson, Mr. Gustaf Joel",Male,33.0,0,0,7540,8.6542,,Southampton,Third Class,Mr,E,133.0,Aft,Starboard,False,1
105,0,3,"Gustafsson, Mr. Anders Vilhelm",Male,37.0,2,0,3101276,7.925,,Southampton,Third Class,Mr,E,143.0,Aft,Starboard,False,3
106,0,3,"Mionoff, Mr. Stoytcho",Male,28.0,0,0,349207,7.8958,,Southampton,Third Class,Mr,F,17.0,Forward,Starboard,False,1
107,1,3,"Salkjelsvik, Miss. Anna Kristine",Female,21.0,0,0,343120,7.65,,Southampton,Third Class,Miss,E,194.0,Aft,Port,False,1
108,1,3,"Moss, Mr. Albert Johan",Male,41.0,0,0,312991,7.775,,Southampton,Third Class,Mr,E,4.0,Forward,Port,False,1
109,0,3,"Rekic, Mr. Tido",Male,38.0,0,0,349249,7.8958,,Southampton,Third Class,Mr,E,139.0,Aft,Starboard,False,1
110,1,3,"Moran, Miss. Bertha",Female,17.0,1,0,371110,24.15,,Queenstown,Third Class,Miss,G,44.0,Forward,Port,False,2
111,0,1,"Porter, Mr. Walter Chamberlain",Male,47.0,0,0,110465,52.0,C110,Southampton,First Class,Mr,C,110.0,Aft,Port,False,1
112,0,3,"Zabour, Miss. Hileni",Female,14.5,1,0,2665,14.4542,,Cherbourg,Third Class,Miss,F,99.0,Aft,Starboard,False,2
113,0,3,"Barton, Mr. David John",Male,22.0,0,0,324669,8.05,,Southampton,Third Class,Mr,F,3.0,Forward,Starboard,False,1
114,0,3,"Jussila, Miss. Katriina",Female,20.0,1,0,4136,9.825,,Southampton,Third Class,Miss,E,72.0,Aft,Port,False,2
115,0,3,"Attalah, Miss. Malake",Female,17.0,0,0,2627,14.4583,,Cherbourg,Third Class,Miss,G,12.0,Forward,Port,False,1
116,0,3,"Pekoniemi, Mr. Edvard",Male,21.0,0,0,STON/O 2. 3101294,7.925,,Southampton,Third Class,Mr,E,125.0,Aft,Starboard,False,1
117,0,3,"Connors, Mr. Patrick",Male,70.5,0,0,370369,7.75,,Queenstown,Third Class,Mr,G,36.0,Forward,Port,False,1
118,0,2,"Turpin, Mr. William John Robert",Male,29.0,1,0,11668,21.0,,Southampton,Second Class,Mr,E,45.0,Forward,Starboard,False,2
119,0,1,"Baxter, Mr. Quigg Edmond",Male,24.0,0,1,PC 17558,247.5208,B58 B60,Cherbourg,First Class,Mr,B,58.0,Aft,Port,True,2
120,0,3,"Andersson, Miss. Ellis Anna Maria",Female,2.0,4,2,347082,31.275,,Southampton,Third Class,Miss,E,27.0,Forward,Starboard,False,7
121,0,2,"Hickman, Mr. Stanley George",Male,21.0,2,0,S.O.C. 14879,73.5,,Southampton,Second Class,Mr,F,77.0,Aft,Starboard,False,3
122,0,3,"Moore, Mr. Leonard Charles",Male,57.0,0,0,A4. 54510,8.05,,Southampton,Third Class,Mr,F,2.0,Forward,Port,False,1
123,0,2,"Nasser, Mr. Nicholas",Male,32.5,1,0,237736,30.0708,,Cherbourg,Second Class,Mr,F,76.0,Aft,Port,False,2
124,1,2,"Webber, Miss. Susan",Female,32.5,0,0,27267,13.0,E101,Southampton,Second Class,Miss,E,101.0,Aft,Starboard,False,1
125,0,1,"White, Mr. Percival Wayland",Male,54.0,0,1,35281,77.2875,D26,Southampton,First Class,Mr,D,26.0,Forward,Port,False,2
126,1,3,"Nicola-Yarred, Master. Elias",Male,12.0,1,0,2651,11.2417,,Cherbourg,Third Class,Master,F,40.0,Forward,Port,False,2
127,0,3,"McMahon, Mr. Martin",Male,37.0,0,0,370372,7.75,,Queenstown,Third Class,Mr,G,2.0,Forward,Port,False,1
128,1,3,"Madsen, Mr. Fridtjof Arne",Male,24.0,0,0,C 17369,7.1417,,Southampton,Third Class,Mr,F,20.0,Forward,Port,False,1
129,1,3,"Peter, Miss. Anna",Female,15.0,1,1,2668,22.3583,F E69,Cherbourg,Third Class,Miss,F,69.0,Aft,Starboard,False,3
130,0,3,"Ekstrom, Mr. Johan",Male,45.0,0,0,347061,6.975,,Southampton,Third Class,Mr,E,126.0,Aft,Port,False,1
131,0,3,"Drazenoic, Mr. Jozef",Male,33.0,0,0,349241,7.8958,,Cherbourg,Third Class,Mr,G,36.0,Forward,Port,False,1
132,0,3,"Coelho, Mr. Domingos Fernandeo",Male,20.0,0,0,SOTON/O.Q. 3101307,7.05,,Southampton,Third Class,Mr,G,46.0,Forward,Port,False,1
133,0,3,"Robins, Mrs. Alexander A (Grace Charity Laury)",Female,47.0,1,0,A/5. 3337,14.5,,Southampton,Third Class,Mrs,E,31.0,Forward,Starboard,False,2
134,1,2,"Weisz, Mrs. Leopold (Mathilde Francoise Pede)",Female,29.0,1,0,228414,26.0,,Southampton,Second Class,Mrs,F,96.0,Aft,Port,False,2
135,0,2,"Sobey, Mr. Samuel James Hayden",Male,25.0,0,0,C.A. 29178,13.0,,Southampton,Second Class,Mr,E,164.0,Aft,Port,False,1
136,0,2,"Richard, Mr. Emile",Male,23.0,0,0,SC/PARIS 2133,15.0458,,Cherbourg,Second Class,Mr,E,112.0,Aft,Port,False,1
137,1,1,"Newsom, Miss. Helen Monypeny",Female,19.0,0,2,11752,26.2833,D47,Southampton,First Class,Miss,D,47.0,Forward,Starboard,False,3
138,0,1,"Futrelle, Mr. Jacques Heath",Male,37.0,1,0,113803,53.1,C123,Southampton,First Class,Mr,C,123.0,Aft,Starboard,False,2
139,0,3,"Osen, Mr. Olaf Elon",Male,16.0,0,0,7534,9.2167,,Southampton,Third Class,Mr,E,17.0,Forward,Starboard,False,1
140,0,1,"Giglio, Mr. Victor",Male,24.0,0,0,PC 17593,79.2,B86,Cherbourg,First Class,Mr,B,86.0,Aft,Port,True,1
141,0,3,"Boulos, Mrs. Joseph (Sultana)",Female,38.0,0,2,2678,15.2458,,Cherbourg,Third Class,Mrs,F,32.0,Forward,Port,False,3
142,1,3,"Nysten, Miss. Anna Sofia",Female,22.0,0,0,347081,7.75,,Southampton,Third Class,Miss,F,59.0,Aft,Starboard,False,1
143,1,3,"Hakkarainen, Mrs. Pekka Pietari (Elin Matilda Dolck)",Female,24.0,1,0,STON/O2. 3101279,15.85,,Southampton,Third Class,Mrs,E,64.0,Aft,Port,False,2
144,0,3,"Burke, Mr. Jeremiah",Male,19.0,0,0,365222,6.75,,Queenstown,Third Class,Mr,E,120.0,Aft,Port,False,1
145,0,2,"Andrew, Mr. Edgardo Samuel",Male,18.0,0,0,231945,11.5,,Southampton,Second Class,Mr,D,159.0,Aft,Starboard,False,1
146,0,2,"Nicholls, Mr. Joseph Charles",Male,19.0,1,1,C.A. 33112,36.75,,Southampton,Second Class,Mr,F,81.0,Aft,Starboard,False,3
147,1,3,"Andersson, Mr. August Edvard (""Wennerstrom"")",Male,27.0,0,0,350043,7.7958,,Southampton,Third Class,Mr,E,185.0,Aft,Starboard,False,1
148,0,3,"Ford, Miss. Robina Maggie ""Ruby""",Female,9.0,2,2,W./C. 6608,34.375,,Southampton,Third Class,Miss,E,159.0,Aft,Starboard,False,5
149,0,2,"Navratil, Mr. Michel (""Louis M Hoffman"")",Male,36.5,0,2,230080,26.0,F2,Southampton,Second Class,Mr,F,2.0,Forward,Port,False,3
150,0,2,"Byles, Rev. Thomas Roussel Davids",Male,42.0,0,0,244310,13.0,,Southampton,Second Class,Rev,D,47.0,Forward,Starboard,False,1
151,0,2,"Bateman, Rev. Robert James",Male,51.0,0,0,S.O.P. 1166,12.525,,Southampton,Second Class,Rev,F,79.0,Aft,Starboard,False,1
152,1,1,"Pears, Mrs. Thomas (Edith Wearne)",Female,22.0,1,0,113776,66.6,C2,Southampton,First Class,Mrs,C,2.0,Forward,Port,False,2
153,0,3,"Meo, Mr. Alfonzo",Male,55.5,0,0,A.5. 11206,8.05,,Southampton,Third Class,Mr,F,13.0,Forward,Starboard,False,1
154,0,3,"van Billiard, Mr. Austin Blyler",Male,40.5,0,2,A/5. 851,14.5,,Southampton,Third Class,Mr,G,32.0,Forward,Port,False,3
155,0,3,"Olsen, Mr. Ole Martin",Male,20.0,0,0,Fa 265302,7.3125,,Southampton,Third Class,Mr,G,44.0,Forward,Port,False,1
156,0,1,"Williams, Mr. Charles Duane",Male,51.0,0,1,PC 17597,61.3792,,Cherbourg,First Class,Mr,A,24.0,Forward,Port,True,2
157,1,3,"Gilnagh, Miss. Katherine ""Katie""",Female,16.0,0,0,35851,7.7333,,Queenstown,Third Class,Miss,E,42.0,Forward,Port,False,1
158,0,3,"Corn, Mr. Harry",Male,30.0,0,0,SOTON/OQ 392090,8.05,,Southampton,Third Class,Mr,G,14.0,Forward,Port,False,1
159,0,3,"Smiljanic, Mr. Mile",Male,40.0,0,0,315037,8.6625,,Southampton,Third Class,Mr,F,49.0,Forward,Starboard,False,1
160,0,3,"Sage, Master. Thomas Henry",Male,11.0,8,2,CA. 2343,69.55,,Southampton,Third Class,Master,F,73.0,Aft,Starboard,False,11
161,0,3,"Cribb, Mr. John Hatfield",Male,44.0,0,1,371362,16.1,,Southampton,Third Class,Mr,F,53.0,Aft,Starboard,False,2
162,1,2,"Watt, Mrs. James (Elizabeth ""Bessie"" Inglis Milne)",Female,40.0,0,0,C.A. 33595,15.75,,Southampton,Second Class,Mrs,F,47.0,Forward,Starboard,False,1
163,0,3,"Bengtsson, Mr. John Viktor",Male,26.0,0,0,347068,7.775,,Southampton,Third Class,Mr,F,23.0,Forward,Starboard,False,1
164,0,3,"Calic, Mr. Jovo",Male,17.0,0,0,315093,8.6625,,Southampton,Third Class,Mr,E,1.0,Forward,Starboard,False,1
165,0,3,"Panula, Master. Eino Viljami",Male,1.0,4,1,3101295,39.6875,,Southampton,Third Class,Master,F,100.0,Aft,Port,False,6
166,1,3,"Goldsmith, Master. Frank John William ""Frankie""",Male,9.0,0,2,363291,20.525,,Southampton,Third Class,Master,F,53.0,Aft,Starboard,False,3
167,1,1,"Chibnall, Mrs. (Edith Martha Bowerman)",Female,29.0,0,1,113505,55.0,E33,Southampton,First Class,Mrs,E,33.0,Forward,Starboard,False,2
168,0,3,"Skoog, Mrs. William (Anna Bernhardina Karlsson)",Female,45.0,1,4,347088,27.9,,Southampton,Third Class,Mrs,G,5.0,Forward,Starboard,False,6
169,0,1,"Baumann, Mr. John D",Male,29.0,0,0,PC 17318,25.925,,Southampton,First Class,Mr,C,83.0,Aft,Starboard,False,1
170,0,3,"Ling, Mr. Lee",Male,28.0,0,0,1601,56.4958,,Southampton,Third Class,Mr,G,19.0,Forward,Starboard,False,1
171,0,1,"Van der hoef, Mr. Wyckoff",Male,61.0,0,0,111240,33.5,B19,Southampton,First Class,Mr,B,19.0,Forward,Starboard,True,1
172,0,3,"Rice, Master. Arthur",Male,4.0,4,1,382652,29.125,,Queenstown,Third Class,Master,E,80.0,Aft,Port,False,6
173,1,3,"Johnson, Miss. Eleanor Ileen",Female,1.0,1,1,347742,11.1333,,Southampton,Third Class,Miss,E,35.0,Forward,Starboard,False,3
174,0,3,"Sivola, Mr. Antti Wilhelm",Male,21.0,0,0,STON/O 2. 3101280,7.925,,Southampton,Third Class,Mr,G,33.0,Forward,Starboard,False,1
175,0,1,"Smith, Mr. James Clinch",Male,56.0,0,0,17764,30.6958,A7,Cherbourg,First Class,Mr,A,7.0,Forward,Starboard,True,1
176,0,3,"Klasen, Mr. Klas Albin",Male,18.0,1,1,350404,7.8542,,Southampton,Third Class,Mr,F,58.0,Aft,Port,False,3
177,0,3,"Lefebre, Master. Henry Forbes",Male,3.0,3,1,4133,25.4667,,Southampton,Third Class,Master,F,20.0,Forward,Port,False,5
178,0,1,"Isham, Miss. Ann Elizabeth",Female,50.0,0,0,PC 17595,28.7125,C49,Cherbourg,First Class,Miss,C,49.0,Forward,Starboard,False,1
179,0,2,"Hale, Mr. Reginald",Male,30.0,0,0,250653,13.0,,Southampton,Second Class,Mr,E,86.0,Aft,Port,False,1
180,0,3,"Leonard, Mr. Lionel",Male,36.0,0,0,LINE,0.0,,Southampton,Third Class,Mr,E,164.0,Aft,Port,False,1
181,0,3,"Sage, Miss. Constance Gladys",Female,22.0,8,2,CA. 2343,69.55,,Southampton,Third Class,Miss,F,96.0,Aft,Port,False,11
182,0,2,"Pernot, Mr. Rene",Male,56.0,0,0,SC/PARIS 2131,15.05,,Cherbourg,Second Class,Mr,D,100.0,Aft,Port,False,1
183,0,3,"Asplund, Master. Clarence Gustaf Hugo",Male,9.0,4,2,347077,31.3875,,Southampton,Third Class,Master,F,54.0,Aft,Port,False,7
184,1,2,"Becker, Master. Richard F",Male,1.0,2,1,230136,39.0,F4,Southampton,Second Class,Master,F,4.0,Forward,Port,False,4
185,1,3,"Kink-Heilmann, Miss. Luise Gretchen",Female,4.0,0,2,315153,22.025,,Southampton,Third Class,Miss,E,138.0,Aft,Port,False,3
186,0,1,"Rood, Mr. Hugh Roscoe",Male,55.0,0,0,113767,50.0,A32,Southampton,First Class,Mr,A,32.0,Forward,Port,True,1
187,1,3,"O'Brien, Mrs. Thomas (Johanna ""Hannah"" Godfrey)",Female,34.0,1,0,370365,15.5,,Queenstown,Third Class,Mrs,G,4.0,Forward,Port,False,2
188,1,1,"Romaine, Mr. Charles Hallace (""Mr C Rolmane"")",Male,45.0,0,0,111428,26.55,,Southampton,First Class,Mr,B,83.0,Aft,Starboard,True,1
189,0,3,"Bourke, Mr. John",Male,40.0,1,1,364849,15.5,,Queenstown,Third Class,Mr,F,89.0,Aft,Starboard,False,3
190,0,3,"Turcin, Mr. Stjepan",Male,36.0,0,0,349247,7.8958,,Southampton,Third Class,Mr,E,163.0,Aft,Starboard,False,1
191,1,2,"Pinsky, Mrs. (Rosa)",Female,32.0,0,0,234604,13.0,,Southampton,Second Class,Mrs,E,73.0,Aft,Starboard,False,1
192,0,2,"Carbines, Mr. William",Male,19.0,0,0,28424,13.0,,Southampton,Second Class,Mr,F,82.0,Aft,Port,False,1
193,1,3,"Andersen-Jensen, Miss. Carla Christine Nielsine",Female,19.0,1,0,350046,7.8542,,Southampton,Third Class,Miss,E,125.0,Aft,Starboard,False,2
194,1,2,"Navratil, Master. Michel M",Male,3.0,1,1,230080,26.0,F2,Southampton,Second Class,Master,F,2.0,Forward,Port,False,3
195,1,1,"Brown, Mrs. James Joseph (Margaret Tobin)",Female,44.0,0,0,PC 17610,27.7208,B4,Cherbourg,First Class,Mrs,B,4.0,Forward,Port,True,1
196,1,1,"Lurette, Miss. Elise",Female,58.0,0,0,PC 17569,146.5208,B80,Cherbourg,First Class,Miss,B,80.0,Aft,Port,True,1
197,0,3,"Mernagh, Mr. Robert",Male,27.0,0,0,368703,7.75,,Queenstown,Third Class,Mr,E,13.0,Forward,Starboard,False,1
198,0,3,"Olsen, Mr. Karl Siegwart Andreas",Male,42.0,0,1,4579,8.4042,,Southampton,Third Class,Mr,E,2.0,Forward,Port,False,2
199,1,3,"Madigan, Miss. Margaret ""Maggie""",Female,16.0,0,0,370370,7.75,,Queenstown,Third Class,Miss,F,20.0,Forward,Port,False,1
200,0,2,"Yrois, Miss. Henriette (""Mrs Harbeck"")",Female,24.0,0,0,248747,13.0,,Southampton,Second Class,Miss,F,10.0,Forward,Port,False,1
201,0,3,"Vande Walle, Mr. Nestor Cyriel",Male,28.0,0,0,345770,9.5,,Southampton,Third Class,Mr,G,59.0,Aft,Starboard,False,1
202,0,3,"Sage, Mr. Frederick",Male,42.0,8,2,CA. 2343,69.55,,Southampton,Third Class,Mr,F,76.0,Aft,Port,False,11
203,0,3,"Johanson, Mr. Jakob Alfred",Male,34.0,0,0,3101264,6.4958,,Southampton,Third Class,Mr,G,3.0,Forward,Starboard,False,1
204,0,3,"Youseff, Mr. Gerious",Male,45.5,0,0,2628,7.225,,Cherbourg,Third Class,Mr,F,91.0,Aft,Starboard,False,1
205,1,3,"Cohen, Mr. Gurshon ""Gus""",Male,18.0,0,0,A/5 3540,8.05,,Southampton,Third Class,Mr,E,10.0,Forward,Port,False,1
206,0,3,"Strom, Miss. Telma Matilda",Female,2.0,0,1,347054,10.4625,G6,Southampton,Third Class,Miss,G,6.0,Forward,Port,False,2
207,0,3,"Backstrom, Mr. Karl Alfred",Male,32.0,1,0,3101278,15.85,,Southampton,Third Class,Mr,G,17.0,Forward,Starboard,False,2
208,1,3,"Albimona, Mr. Nassef Cassem",Male,26.0,0,0,2699,18.7875,,Cherbourg,Third Class,Mr,G,58.0,Aft,Port,False,1
209,1,3,"Carr, Miss. Helen ""Ellen""",Female,16.0,0,0,367231,7.75,,Queenstown,Third Class,Miss,E,61.0,Aft,Starboard,False,1
210,1,1,"Blank, Mr. Henry",Male,40.0,0,0,112277,31.0,A31,Cherbourg,First Class,Mr,A,31.0,Forward,Starboard,True,1
211,0,3,"Ali, Mr. Ahmed",Male,24.0,0,0,SOTON/O.Q. 3101311,7.05,,Southampton,Third Class,Mr,F,17.0,Forward,Starboard,False,1
212,1,2,"Cameron, Miss. Clear Annie",Female,35.0,0,0,F.C.C. 13528,21.0,,Southampton,Second Class,Miss,E,172.0,Aft,Port,False,1
213,0,3,"Perkin, Mr. John Henry",Male,22.0,0,0,A/5 21174,7.25,,Southampton,Third Class,Mr,E,136.0,Aft,Port,False,1
214,0,2,"Givard, Mr. Hans Kristensen",Male,30.0,0,0,250646,13.0,,Southampton,Second Class,Mr,E,9.0,Forward,Starboard,False,1
215,0,3,"Kiernan, Mr. Philip",Male,45.0,1,0,367229,7.75,,Queenstown,Third Class,Mr,E,5.0,Forward,Starboard,False,2
216,1,1,"Newell, Miss. Madeleine",Female,31.0,1,0,35273,113.275,D36,Cherbourg,First Class,Miss,D,36.0,Forward,Port,False,2
217,1,3,"Honkanen, Miss. Eliina",Female,27.0,0,0,STON/O2. 3101283,7.925,,Southampton,Third Class,Miss,E,65.0,Aft,Starboard,False,1
218,0,2,"Jacobsohn, Mr. Sidney Samuel",Male,42.0,1,0,243847,27.0,,Southampton,Second Class,Mr,E,53.0,Aft,Starboard,False,2
219,1,1,"Bazzani, Miss. Albina",Female,32.0,0,0,11813,76.2917,D15,Cherbourg,First Class,Miss,D,15.0,Forward,Starboard,False,1
220,0,2,"Harris, Mr. Walter",Male,30.0,0,0,W/C 14208,10.5,,Southampton,Second Class,Mr,F,98.0,Aft,Port,False,1
221,1,3,"Sunderland, Mr. Victor Francis",Male,16.0,0,0,SOTON/OQ 392089,8.05,,Southampton,Third Class,Mr,G,3.0,Forward,Starboard,False,1
222,0,2,"Bracken, Mr. James H",Male,27.0,0,0,220367,13.0,,Southampton,Second Class,Mr,F,11.0,Forward,Starboard,False,1
223,0,3,"Green, Mr. George Henry",Male,51.0,0,0,21440,8.05,,Southampton,Third Class,Mr,G,31.0,Forward,Starboard,False,1
224,0,3,"Nenkoff, Mr. Christo",Male,59.0,0,0,349234,7.8958,,Southampton,Third Class,Mr,G,2.0,Forward,Port,False,1
225,1,1,"Hoyt, Mr. Frederick Maxfield",Male,38.0,1,0,19943,90.0,C93,Southampton,First Class,Mr,C,93.0,Aft,Starboard,False,2
226,0,3,"Berglund, Mr. Karl Ivar Sven",Male,22.0,0,0,PP 4348,9.35,,Southampton,Third Class,Mr,E,17.0,Forward,Starboard,False,1
227,1,2,"Mellors, Mr. William John",Male,19.0,0,0,SW/PP 751,10.5,,Southampton,Second Class,Mr,F,94.0,Aft,Port,False,1
228,0,3,"Lovell, Mr. John Hall (""Henry"")",Male,20.5,0,0,A/5 21173,7.25,,Southampton,Third Class,Mr,F,58.0,Aft,Port,False,1
229,0,2,"Fahlstrom, Mr. Arne Jonas",Male,18.0,0,0,236171,13.0,,Southampton,Second Class,Mr,F,10.0,Forward,Port,False,1
230,0,3,"Lefebre, Miss. Mathilde",Female,21.0,3,1,4133,25.4667,,Southampton,Third Class,Miss,F,74.0,Aft,Port,False,5
231,1,1,"Harris, Mrs. Henry Birkhardt (Irene Wallach)",Female,35.0,1,0,36973,83.475,C83,Southampton,First Class,Mrs,C,83.0,Aft,Starboard,False,2
232,0,3,"Larsson, Mr. Bengt Edvin",Male,29.0,0,0,347067,7.775,,Southampton,Third Class,Mr,F,83.0,Aft,Starboard,False,1
233,0,2,"Sjostedt, Mr. Ernst Adolf",Male,59.0,0,0,237442,13.5,,Southampton,Second Class,Mr,E,62.0,Aft,Port,False,1
234,1,3,"Asplund, Miss. Lillian Gertrud",Female,5.0,4,2,347077,31.3875,,Southampton,Third Class,Miss,G,35.0,Forward,Starboard,False,7
235,0,2,"Leyson, Mr. Robert William Norman",Male,24.0,0,0,C.A. 29566,10.5,,Southampton,Second Class,Mr,F,64.0,Aft,Port,False,1
236,0,3,"Harknett, Miss. Alice Phoebe",Female,23.0,0,0,W./C. 6609,7.55,,Southampton,Third Class,Miss,G,4.0,Forward,Port,False,1
237,0,2,"Hold, Mr. Stephen",Male,44.0,1,0,26707,26.0,,Southampton,Second Class,Mr,D,151.0,Aft,Starboard,False,2
238,1,2,"Collyer, Miss. Marjorie ""Lottie""",Female,8.0,0,2,C.A. 31921,26.25,,Southampton,Second Class,Miss,E,98.0,Aft,Port,False,3
239,0,2,"Pengelly, Mr. Frederick William",Male,19.0,0,0,28665,10.5,,Southampton,Second Class,Mr,D,21.0,Forward,Starboard,False,1
240,0,2,"Hunt, Mr. George Henry",Male,33.0,0,0,SCO/W 1585,12.275,,Southampton,Second Class,Mr,D,26.0,Forward,Port,False,1
241,0,3,"Zabour, Miss. Thamine",Female,23.0,1,0,2665,14.4542,,Cherbourg,Third Class,Miss,F,6.0,Forward,Port,False,2
242,1,3,"Murphy, Miss. Katherine ""Kate""",Female,15.0,1,0,367230,15.5,,Queenstown,Third Class,Miss,E,57.0,Aft,Starboard,False,2
243,0,2,"Coleridge, Mr. Reginald Charles",Male,29.0,0,0,W./C. 14263,10.5,,Southampton,Second Class,Mr,F,37.0,Forward,Starboard,False,1
244,0,3,"Maenpaa, Mr. Matti Alexanteri",Male,22.0,0,0,STON/O 2. 3101275,7.125,,Southampton,Third Class,Mr,G,40.0,Forward,Port,False,1
245,0,3,"Attalah, Mr. Sleiman",Male,30.0,0,0,2694,7.225,,Cherbourg,Third Class,Mr,E,46.0,Forward,Port,False,1
246,0,1,"Minahan, Dr. William Edward",Male,44.0,2,0,19928,90.0,C78,Queenstown,First Class,Dr,C,78.0,Aft,Port,False,3
247,0,3,"Lindahl, Miss. Agda Thorilda Viktoria",Female,25.0,0,0,347071,7.775,,Southampton,Third Class,Miss,E,156.0,Aft,Port,False,1
248,1,2,"Hamalainen, Mrs. William (Anna)",Female,24.0,0,2,250649,14.5,,Southampton,Second Class,Mrs,D,198.0,Aft,Port,False,3
249,1,1,"Beckwith, Mr. Richard Leonard",Male,37.0,1,1,11751,52.5542,D35,Southampton,First Class,Mr,D,35.0,Forward,Starboard,False,3
250,0,2,"Carter, Rev. Ernest Courtenay",Male,54.0,1,0,244252,26.0,,Southampton,Second Class,Rev,F,58.0,Aft,Port,False,2
251,0,3,"Reed, Mr. James George",Male,51.0,0,0,362316,7.25,,Southampton,Third Class,Mr,G,37.0,Forward,Starboard,False,1
252,0,3,"Strom, Mrs. Wilhelm (Elna Matilda Persson)",Female,29.0,1,1,347054,10.4625,G6,Southampton,Third Class,Mrs,G,6.0,Forward,Port,False,3
253,0,1,"Stead, Mr. William Thomas",Male,62.0,0,0,113514,26.55,C87,Southampton,First Class,Mr,C,87.0,Aft,Starboard,False,1
254,0,3,"Lobb, Mr. William Arthur",Male,30.0,1,0,A/5. 3336,16.1,,Southampton,Third Class,Mr,F,90.0,Aft,Port,False,2
255,0,3,"Rosblom, Mrs. Viktor (Helena Wilhelmina)",Female,41.0,0,2,370129,20.2125,,Southampton,Third Class,Mrs,E,168.0,Aft,Port,False,3
256,1,3,"Touma, Mrs. Darwis (Hanne Youssef Razi)",Female,29.0,0,2,2650,15.2458,,Cherbourg,Third Class,Mrs,E,167.0,Aft,Starboard,False,3
257,1,1,"Thorne, Mrs. Gertrude Maybelle",Female,28.0,0,0,PC 17585,79.2,,Cherbourg,First Class,Mrs,D,183.0,Aft,Starboard,False,1
258,1,1,"Cherry, Miss. Gladys",Female,30.0,0,0,110152,86.5,B77,Southampton,First Class,Miss,B,77.0,Aft,Starboard,True,1
259,1,1,"Ward, Miss. Anna",Female,35.0,0,0,PC 17755,512.3292,,Cherbourg,First Class,Miss,C,104.0,Aft,Port,False,1
260,1,2,"Parrish, Mrs. (Lutie Davis)",Female,50.0,0,1,230433,26.0,,Southampton,Second Class,Mrs,F,38.0,Forward,Port,False,2
261,0,3,"Smith, Mr. Thomas",Male,50.0,0,0,384461,7.75,,Queenstown,Third Class,Mr,F,95.0,Aft,Starboard,False,1
262,1,3,"Asplund, Master. Edvin Rojj Felix",Male,3.0,4,2,347077,31.3875,,Southampton,Third Class,Master,G,55.0,Aft,Starboard,False,7
263,0,1,"Taussig, Mr. Emil",Male,52.0,1,1,110413,79.65,E67,Southampton,First Class,Mr,E,67.0,Aft,Starboard,False,3
264,0,1,"Harrison, Mr. William",Male,40.0,0,0,112059,0.0,B94,Southampton,First Class,Mr,B,94.0,Aft,Port,True,1
265,0,3,"Henry, Miss. Delia",Female,25.0,0,0,382649,7.75,,Queenstown,Third Class,Miss,G,10.0,Forward,Port,False,1
266,0,2,"Reeves, Mr. David",Male,36.0,0,0,C.A. 17248,10.5,,Southampton,Second Class,Mr,D,110.0,Aft,Port,False,1
267,0,3,"Panula, Mr. Ernesti Arvid",Male,16.0,4,1,3101295,39.6875,,Southampton,Third Class,Mr,F,24.0,Forward,Port,False,6
268,1,3,"Persson, Mr. Ernst Ulrik",Male,25.0,1,0,347083,7.775,,Southampton,Third Class,Mr,G,56.0,Aft,Port,False,2
269,1,1,"Graham, Mrs. William Thompson (Edith Junkins)",Female,58.0,0,1,PC 17582,153.4625,C125,Southampton,First Class,Mrs,C,125.0,Aft,Starboard,False,2
270,1,1,"Bissette, Miss. Amelia",Female,35.0,0,0,PC 17760,135.6333,C99,Southampton,First Class,Miss,C,99.0,Aft,Starboard,False,1
271,0,1,"Cairns, Mr. Alexander",Male,47.0,0,0,113798,31.0,,Southampton,First Class,Mr,A,15.0,Forward,Starboard,True,1
272,1,3,"Tornquist, Mr. William Henry",Male,25.0,0,0,LINE,0.0,,Southampton,Third Class,Mr,E,37.0,Forward,Starboard,False,1
273,1,2,"Mellinger, Mrs. (Elizabeth Anne Maidment)",Female,41.0,0,1,250644,19.5,,Southampton,Second Class,Mrs,E,27.0,Forward,Starboard,False,2
274,0,1,"Natsch, Mr. Charles H",Male,37.0,0,1,PC 17596,29.7,C118,Cherbourg,First Class,Mr,C,118.0,Aft,Port,False,2
275,1,3,"Healy, Miss. Hanora ""Nora""",Female,24.0,0,0,370375,7.75,,Queenstown,Third Class,Miss,G,14.0,Forward,Port,False,1
276,1,1,"Andrews, Miss. Kornelia Theodosia",Female,63.0,1,0,13502,77.9583,D7,Southampton,First Class,Miss,D,7.0,Forward,Starboard,False,2
277,0,3,"Lindblom, Miss. Augusta Charlotta",Female,45.0,0,0,347073,7.75,,Southampton,Third Class,Miss,G,55.0,Aft,Starboard,False,1
278,0,2,"Parkes, Mr. Francis ""Frank""",Male,53.0,0,0,239853,0.0,,Southampton,Second Class,Mr,E,185.0,Aft,Starboard,False,1
279,0,3,"Rice, Master. Eric",Male,7.0,4,1,382652,29.125,,Queenstown,Third Class,Master,F,77.0,Aft,Starboard,False,6
280,1,3,"Abbott, Mrs. Stanton (Rosa Hunt)",Female,35.0,1,1,C.A. 2673,20.25,,Southampton,Third Class,Mrs,G,32.0,Forward,Port,False,3
281,0,3,"Duane, Mr. Frank",Male,65.0,0,0,336439,7.75,,Queenstown,Third Class,Mr,G,17.0,Forward,Starboard,False,1
282,0,3,"Olsson, Mr. Nils Johan Goransson",Male,28.0,0,0,347464,7.8542,,Southampton,Third Class,Mr,E,168.0,Aft,Port,False,1
283,0,3,"de Pelsmaeker, Mr. Alfons",Male,16.0,0,0,345778,9.5,,Southampton,Third Class,Mr,E,106.0,Aft,Port,False,1
284,1,3,"Dorking, Mr. Edward Arthur",Male,19.0,0,0,A/5. 10482,8.05,,Southampton,Third Class,Mr,G,17.0,Forward,Starboard,False,1
285,0,1,"Smith, Mr. Richard William",Male,47.0,0,0,113056,26.0,A19,Southampton,First Class,Mr,A,19.0,Forward,Starboard,True,1
286,0,3,"Stankovic, Mr. Ivan",Male,33.0,0,0,349239,8.6625,,Cherbourg,Third Class,Mr,E,61.0,Aft,Starboard,False,1
287,1,3,"de Mulder, Mr. Theodore",Male,30.0,0,0,345774,9.5,,Southampton,Third Class,Mr,E,129.0,Aft,Starboard,False,1
288,0,3,"Naidenoff, Mr. Penko",Male,22.0,0,0,349206,7.8958,,Southampton,Third Class,Mr,F,57.0,Aft,Starboard,False,1
289,1,2,"Hosono, Mr. Masabumi",Male,42.0,0,0,237798,13.0,,Southampton,Second Class,Mr,E,107.0,Aft,Starboard,False,1
290,1,3,"Connolly, Miss. Kate",Female,22.0,0,0,370373,7.75,,Queenstown,Third Class,Miss,F,19.0,Forward,Starboard,False,1
291,1,1,"Barber, Miss. Ellen ""Nellie""",Female,26.0,0,0,19877,78.85,,Southampton,First Class,Miss,A,18.0,Forward,Port,True,1
292,1,1,"Bishop, Mrs. Dickinson H (Helen Walton)",Female,19.0,1,0,11967,91.0792,B49,Cherbourg,First Class,Mrs,B,49.0,Forward,Starboard,True,2
293,0,2,"Levy, Mr. Rene Jacques",Male,36.0,0,0,SC/Paris 2163,12.875,D,Cherbourg,Second Class,Mr,D,83.0,Aft,Starboard,False,1
294,0,3,"Haas, Miss. Aloisia",Female,24.0,0,0,349236,8.85,,Southampton,Third Class,Miss,E,81.0,Aft,Starboard,False,1
295,0,3,"Mineff, Mr. Ivan",Male,24.0,0,0,349233,7.8958,,Southampton,Third Class,Mr,E,99.0,Aft,Starboard,False,1
296,0,1,"Lewy, Mr. Ervin G",Male,52.0,0,0,PC 17612,27.7208,,Cherbourg,First Class,Mr,B,92.0,Aft,Port,True,1
297,0,3,"Hanna, Mr. Mansour",Male,23.5,0,0,2693,7.2292,,Cherbourg,Third Class,Mr,F,8.0,Forward,Port,False,1
298,0,1,"Allison, Miss. Helen Loraine",Female,2.0,1,2,113781,151.55,C22 C26,Southampton,First Class,Miss,C,22.0,Forward,Port,False,4
299,1,1,"Saalfeld, Mr. Adolphe",Male,42.0,0,0,19988,30.5,C106,Southampton,First Class,Mr,C,106.0,Aft,Port,False,1
300,1,1,"Baxter, Mrs. James (Helene DeLaudeniere Chaput)",Female,50.0,0,1,PC 17558,247.5208,B58 B60,Cherbourg,First Class,Mrs,B,58.0,Aft,Port,True,2
301,1,3,"Kelly, Miss. Anna Katherine ""Annie Kate""",Female,20.0,0,0,9234,7.75,,Queenstown,Third Class,Miss,G,60.0,Aft,Port,False,1
302,1,3,"McCoy, Mr. Bernard",Male,32.0,2,0,367226,23.25,,Queenstown,Third Class,Mr,F,55.0,Aft,Starboard,False,3
303,0,3,"Johnson, Mr. William Cahoone Jr",Male,19.0,0,0,LINE,0.0,,Southampton,Third Class,Mr,F,78.0,Aft,Port,False,1
304,1,2,"Keane, Miss. Nora A",Female,22.0,0,0,226593,12.35,E101,Queenstown,Second Class,Miss,E,101.0,Aft,Starboard,False,1
305,0,3,"Williams, Mr. Howard Hugh ""Harry""",Male,52.0,0,0,A/5 2466,8.05,,Southampton,Third Class,Mr,F,90.0,Aft,Port,False,1
306,1,1,"Allison, Master. Hudson Trevor",Male,0.92,1,2,113781,151.55,C22 C26,Southampton,First Class,Master,C,22.0,Forward,Port,False,4
307,1,1,"Fleming, Miss. Margaret",Female,15.0,0,0,17421,110.8833,,Cherbourg,First Class,Miss,D,184.0,Aft,Port,False,1
308,1,1,"Penasco y Castellana, Mrs. Victor de Satode (Maria Josefa Perez de Soto y Vallejo)",Female,17.0,1,0,PC 17758,108.9,C65,Cherbourg,First Class,Mrs,C,65.0,Aft,Starboard,False,2
309,0,2,"Abelson, Mr. Samuel",Male,30.0,1,0,P/PP 3381,24.0,,Cherbourg,Second Class,Mr,E,67.0,Aft,Starboard,False,2
310,1,1,"Francatelli, Miss. Laura Mabel",Female,30.0,0,0,PC 17485,56.9292,E36,Cherbourg,First Class,Miss,E,36.0,Forward,Port,False,1
311,1,1,"Hays, Miss. Margaret Bechstein",Female,24.0,0,0,11767,83.1583,C54,Cherbourg,First Class,Miss,C,54.0,Aft,Port,False,1
312,1,1,"Ryerson, Miss. Emily Borie",Female,18.0,2,2,PC 17608,262.375,B57 B59 B63 B66,Cherbourg,First Class,Miss,B,57.0,Aft,Starboard,True,5
313,0,2,"Lahtinen, Mrs. William (Anna Sylfven)",Female,26.0,1,1,250651,26.0,,Southampton,Second Class,Mrs,E,90.0,Aft,Port,False,3
314,0,3,"Hendekovic, Mr. Ignjac",Male,28.0,0,0,349243,7.8958,,Southampton,Third Class,Mr,G,17.0,Forward,Starboard,False,1
315,0,2,"Hart, Mr. Benjamin",Male,43.0,1,1,F.C.C. 13529,26.25,,Southampton,Second Class,Mr,F,77.0,Aft,Starboard,False,3
316,1,3,"Nilsson, Miss. Helmina Josefina",Female,26.0,0,0,347470,7.8542,,Southampton,Third Class,Miss,G,32.0,Forward,Port,False,1
317,1,2,"Kantor, Mrs. Sinai (Miriam Sternin)",Female,24.0,1,0,244367,26.0,,Southampton,Second Class,Mrs,F,93.0,Aft,Starboard,False,2
318,0,2,"Moraweck, Dr. Ernest",Male,54.0,0,0,29011,14.0,,Southampton,Second Class,Dr,D,197.0,Aft,Starboard,False,1
319,1,1,"Wick, Miss. Mary Natalie",Female,31.0,0,2,36928,164.8667,C7,Southampton,First Class,Miss,C,7.0,Forward,Starboard,False,3
320,1,1,"Spedden, Mrs. Frederic Oakley (Margaretta Corning Stone)",Female,40.0,1,1,16966,134.5,E34,Cherbourg,First Class,Mrs,E,34.0,Forward,Port,False,3
321,0,3,"Dennis, Mr. Samuel",Male,22.0,0,0,A/5 21172,7.25,,Southampton,Third Class,Mr,G,46.0,Forward,Port,False,1
322,0,3,"Danoff, Mr. Yoto",Male,27.0,0,0,349219,7.8958,,Southampton,Third Class,Mr,G,57.0,Aft,Starboard,False,1
323,1,2,"Slayter, Miss. Hilda Mary",Female,30.0,0,0,234818,12.35,,Queenstown,Second Class,Miss,F,79.0,Aft,Starboard,False,1
324,1,2,"Caldwell, Mrs. Albert Francis (Sylvia Mae Harbaugh)",Female,22.0,1,1,248738,29.0,,Southampton,Second Class,Mrs,F,71.0,Aft,Starboard,False,3
325,0,3,"Sage, Mr. George John Jr",Male,34.0,8,2,CA. 2343,69.55,,Southampton,Third Class,Mr,G,49.0,Forward,Starboard,False,11
326,1,1,"Young, Miss. Marie Grice",Female,36.0,0,0,PC 17760,135.6333,C32,Cherbourg,First Class,Miss,C,32.0,Forward,Port,False,1
327,0,3,"Nysveen, Mr. Johan Hansen",Male,61.0,0,0,345364,6.2375,,Southampton,Third Class,Mr,F,49.0,Forward,Starboard,False,1
328,1,2,"Ball, Mrs. (Ada E Hall)",Female,36.0,0,0,28551,13.0,D,Southampton,Second Class,Mrs,D,31.0,Forward,Starboard,False,1
329,1,3,"Goldsmith, Mrs. Frank John (Emily Alice Brown)",Female,31.0,1,1,363291,20.525,,Southampton,Third Class,Mrs,G,36.0,Forward,Port,False,3
330,1,1,"Hippach, Miss. Jean Gertrude",Female,16.0,0,1,111361,57.9792,B18,Cherbourg,First Class,Miss,B,18.0,Forward,Port,True,2
331,1,3,"McCoy, Miss. Agnes",Female,18.0,2,0,367226,23.25,,Queenstown,Third Class,Miss,F,87.0,Aft,Starboard,False,3
332,0,1,"Partner, Mr. Austen",Male,45.5,0,0,113043,28.5,C124,Southampton,First Class,Mr,C,124.0,Aft,Port,False,1
333,0,1,"Graham, Mr. George Edward",Male,38.0,0,1,PC 17582,153.4625,C91,Southampton,First Class,Mr,C,91.0,Aft,Starboard,False,2
334,0,3,"Vander Planke, Mr. Leo Edmondus",Male,16.0,2,0,345764,18.0,,Southampton,Third Class,Mr,F,68.0,Aft,Port,False,3
335,1,1,"Frauenthal, Mrs. Henry William (Clara Heinsheimer)",Female,33.0,1,0,PC 17611,133.65,,Southampton,First Class,Mrs,D,40.0,Forward,Port,False,2
336,0,3,"Denkoff, Mr. Mitto",Male,49.0,0,0,349225,7.8958,,Southampton,Third Class,Mr,G,7.0,Forward,Starboard,False,1
337,0,1,"Pears, Mr. Thomas Clinton",Male,29.0,1,0,113776,66.6,C2,Southampton,First Class,Mr,C,2.0,Forward,Port,False,2
338,1,1,"Burns, Miss. Elizabeth Margaret",Female,41.0,0,0,16966,134.5,E40,Cherbourg,First Class,Miss,E,40.0,Forward,Port,False,1
339,1,3,"Dahl, Mr. Karl Edwart",Male,45.0,0,0,7598,8.05,,Southampton,Third Class,Mr,G,51.0,Aft,Starboard,False,1
340,0,1,"Blackwell, Mr. Stephen Weart",Male,45.0,0,0,113784,35.5,T,Southampton,First Class,Mr,T,8.0,Forward,Port,False,1
341,1,2,"Navratil, Master. Edmond Roger",Male,2.0,1,1,230080,26.0,F2,Southampton,Second Class,Master,F,2.0,Forward,Port,False,3
342,1,1,"Fortune, Miss. Alice Elizabeth",Female,24.0,3,2,19950,263.0,C23 C25 C27,Southampton,First Class,Miss,C,23.0,Forward,Starboard,False,6
343,0,2,"Collander, Mr. Erik Gustaf",Male,28.0,0,0,248740,13.0,,Southampton,Second Class,Mr,D,197.0,Aft,Starboard,False,1
344,0,2,"Sedgwick, Mr. Charles Frederick Waddington",Male,25.0,0,0,244361,13.0,,Southampton,Second Class,Mr,F,75.0,Aft,Starboard,False,1
345,0,2,"Fox, Mr. Stanley Hubert",Male,36.0,0,0,229236,13.0,,Southampton,Second Class,Mr,F,46.0,Forward,Port,False,1
346,1,2,"Brown, Miss. Amelia ""Mildred""",Female,24.0,0,0,248733,13.0,F33,Southampton,Second Class,Miss,F,33.0,Forward,Starboard,False,1
347,1,2,"Smith, Miss. Marion Elsie",Female,40.0,0,0,31418,13.0,,Southampton,Second Class,Miss,E,74.0,Aft,Port,False,1
348,1,3,"Davison, Mrs. Thomas Henry (Mary E Finck)",Female,22.0,1,0,386525,16.1,,Southampton,Third Class,Mrs,E,175.0,Aft,Starboard,False,2
349,1,3,"Coutts, Master. William Loch ""William""",Male,3.0,1,1,C.A. 37671,15.9,,Southampton,Third Class,Master,G,33.0,Forward,Starboard,False,3
350,0,3,"Dimic, Mr. Jovan",Male,42.0,0,0,315088,8.6625,,Southampton,Third Class,Mr,E,175.0,Aft,Starboard,False,1
351,0,3,"Odahl, Mr. Nils Martin",Male,23.0,0,0,7267,9.225,,Southampton,Third Class,Mr,G,33.0,Forward,Starboard,False,1
352,0,1,"Williams-Lambert, Mr. Fletcher Fellows",Male,31.0,0,0,113510,35.0,C128,Southampton,First Class,Mr,C,128.0,Aft,Port,False,1
353,0,3,"Elias, Mr. Tannous",Male,15.0,1,1,2695,7.2292,,Cherbourg,Third Class,Mr,G,38.0,Forward,Port,False,3
354,0,3,"Arnold-Franchi, Mr. Josef",Male,25.0,1,0,349237,17.8,,Southampton,Third Class,Mr,G,20.0,Forward,Port,False,2
355,0,3,"Yousif, Mr. Wazli",Male,22.0,0,0,2647,7.225,,Cherbourg,Third Class,Mr,G,52.0,Aft,Port,False,1
356,0,3,"Vanden Steen, Mr. Leo Peter",Male,28.0,0,0,345783,9.5,,Southampton,Third Class,Mr,E,175.0,Aft,Starboard,False,1
357,1,1,"Bowerman, Miss. Elsie Edith",Female,22.0,0,1,113505,55.0,E33,Southampton,First Class,Miss,E,33.0,Forward,Starboard,False,2
358,0,2,"Funk, Miss. Annie Clemmer",Female,38.0,0,0,237671,13.0,,Southampton,Second Class,Miss,D,56.0,Aft,Port,False,1
359,1,3,"McGovern, Miss. Mary",Female,16.0,0,0,330931,7.8792,,Queenstown,Third Class,Miss,G,20.0,Forward,Port,False,1
360,1,3,"Mockler, Miss. Helen Mary ""Ellie""",Female,20.0,0,0,330980,7.8792,,Queenstown,Third Class,Miss,G,15.0,Forward,Starboard,False,1
361,0,3,"Skoog, Mr. Wilhelm",Male,40.0,1,4,347088,27.9,,Southampton,Third Class,Mr,G,26.0,Forward,Port,False,6
362,0,2,"del Carlo, Mr. Sebastiano",Male,29.0,1,0,SC/PARIS 2167,27.7208,,Cherbourg,Second Class,Mr,F,95.0,Aft,Starboard,False,2
363,0,3,"Barbara, Mrs. (Catherine David)",Female,45.0,0,1,2691,14.4542,,Cherbourg,Third Class,Mrs,E,175.0,Aft,Starboard,False,2
364,0,3,"Asim, Mr. Adola",Male,35.0,0,0,SOTON/O.Q. 3101310,7.05,,Southampton,Third Class,Mr,F,33.0,Forward,Starboard,False,1
365,0,3,"O'Brien, Mr. Thomas",Male,47.0,1,0,370365,15.5,,Queenstown,Third Class,Mr,F,44.0,Forward,Port,False,2
366,0,3,"Adahl, Mr. Mauritz Nils Martin",Male,30.0,0,0,C 7076,7.25,,Southampton,Third Class,Mr,G,29.0,Forward,Starboard,False,1
367,1,1,"Warren, Mrs. Frank Manley (Anna Sophia Atkinson)",Female,60.0,1,0,110813,75.25,D37,Cherbourg,First Class,Mrs,D,37.0,Forward,Starboard,False,2
368,1,3,"Moussa, Mrs. (Mantoura Boulos)",Female,37.0,0,0,2626,7.2292,,Cherbourg,Third Class,Mrs,F,67.0,Aft,Starboard,False,1
369,1,3,"Jermyn, Miss. Annie",Female,23.0,0,0,14313,7.75,,Queenstown,Third Class,Miss,E,10.0,Forward,Port,False,1
370,1,1,"Aubart, Mme. Leontine Pauline",Female,24.0,0,0,PC 17477,69.3,B35,Cherbourg,First Class,Mme,B,35.0,Forward,Starboard,True,1
371,1,1,"Harder, Mr. George Achilles",Male,25.0,1,0,11765,55.4417,E50,Cherbourg,First Class,Mr,E,50.0,Aft,Port,False,2
372,0,3,"Wiklund, Mr. Jakob Alfred",Male,18.0,1,0,3101267,6.4958,,Southampton,Third Class,Mr,G,33.0,Forward,Starboard,False,2
373,0,3,"Beavan, Mr. William Thomas",Male,19.0,0,0,323951,8.05,,Southampton,Third Class,Mr,E,191.0,Aft,Starboard,False,1
374,0,1,"Ringhini, Mr. Sante",Male,22.0,0,0,PC 17760,135.6333,,Cherbourg,First Class,Mr,E,1.0,Forward,Starboard,False,1
375,0,3,"Palsson, Miss. Stina Viola",Female,3.0,3,1,349909,21.075,,Southampton,Third Class,Miss,G,12.0,Forward,Port,False,5
376,1,1,"Meyer, Mrs. Edgar Joseph (Leila Saks)",Female,30.0,1,0,PC 17604,82.1708,,Cherbourg,First Class,Mrs,A,9.0,Forward,Starboard,True,2
377,1,3,"Landergren, Miss. Aurora Adelia",Female,22.0,0,0,C 7077,7.25,,Southampton,Third Class,Miss,F,9.0,Forward,Starboard,False,1
378,0,1,"Widener, Mr. Harry Elkins",Male,27.0,0,2,113503,211.5,C82,Cherbourg,First Class,Mr,C,82.0,Aft,Port,False,3
379,0,3,"Betros, Mr. Tannous",Male,20.0,0,0,2648,4.0125,,Cherbourg,Third Class,Mr,F,57.0,Aft,Starboard,False,1
380,0,3,"Gustafsson, Mr. Karl Gideon",Male,19.0,0,0,347069,7.775,,Southampton,Third Class,Mr,E,152.0,Aft,Port,False,1
381,1,1,"Bidois, Miss. Rosalie",Female,42.0,0,0,PC 17757,227.525,,Cherbourg,First Class,Miss,E,42.0,Forward,Port,False,1
382,1,3,"Nakid, Miss. Maria (""Mary"")",Female,1.0,0,2,2653,15.7417,,Cherbourg,Third Class,Miss,E,143.0,Aft,Starboard,False,3
383,0,3,"Tikkanen, Mr. Juho",Male,32.0,0,0,STON/O 2. 3101293,7.925,,Southampton,Third Class,Mr,G,34.0,Forward,Port,False,1
384,1,1,"Holverson, Mrs. Alexander Oskar (Mary Aline Towner)",Female,35.0,1,0,113789,52.0,,Southampton,First Class,Mrs,E,182.0,Aft,Port,False,2
385,0,3,"Plotcharsky, Mr. Vasil",Male,29.0,0,0,349227,7.8958,,Southampton,Third Class,Mr,F,92.0,Aft,Port,False,1
386,0,2,"Davies, Mr. Charles Henry",Male,18.0,0,0,S.O.C. 14879,73.5,,Southampton,Second Class,Mr,E,137.0,Aft,Starboard,False,1
387,0,3,"Goodwin, Master. Sidney Leonard",Male,1.0,5,2,CA 2144,46.9,,Southampton,Third Class,Master,G,60.0,Aft,Port,False,8
388,1,2,"Buss, Miss. Kate",Female,36.0,0,0,27849,13.0,,Southampton,Second Class,Miss,D,117.0,Aft,Starboard,False,1
389,0,3,"Sadlier, Mr. Matthew",Male,56.0,0,0,367655,7.7292,,Queenstown,Third Class,Mr,E,104.0,Aft,Port,False,1
390,1,2,"Lehmann, Miss. Bertha",Female,17.0,0,0,SC 1748,12.0,,Cherbourg,Second Class,Miss,F,16.0,Forward,Port,False,1
391,1,1,"Carter, Mr. William Ernest",Male,36.0,1,2,113760,120.0,B96 B98,Southampton,First Class,Mr,B,96.0,Aft,Port,True,4
392,1,3,"Jansson, Mr. Carl Olof",Male,21.0,0,0,350034,7.7958,,Southampton,Third Class,Mr,G,26.0,Forward,Port,False,1
393,0,3,"Gustafsson, Mr. Johan Birger",Male,28.0,2,0,3101277,7.925,,Southampton,Third Class,Mr,E,164.0,Aft,Port,False,3
394,1,1,"Newell, Miss. Marjorie",Female,23.0,1,0,35273,113.275,D36,Cherbourg,First Class,Miss,D,36.0,Forward,Port,False,2
395,1,3,"Sandstrom, Mrs. Hjalmar (Agnes Charlotta Bengtsson)",Female,24.0,0,2,PP 9549,16.7,G6,Southampton,Third Class,Mrs,G,6.0,Forward,Port,False,3
396,0,3,"Johansson, Mr. Erik",Male,22.0,0,0,350052,7.7958,,Southampton,Third Class,Mr,G,54.0,Aft,Port,False,1
397,0,3,"Olsson, Miss. Elina",Female,31.0,0,0,350407,7.8542,,Southampton,Third Class,Miss,G,42.0,Forward,Port,False,1
398,0,2,"McKane, Mr. Peter David",Male,46.0,0,0,28403,26.0,,Southampton,Second Class,Mr,D,183.0,Aft,Starboard,False,1
399,0,2,"Pain, Dr. Alfred",Male,23.0,0,0,244278,10.5,,Southampton,Second Class,Dr,D,99.0,Aft,Starboard,False,1
400,1,2,"Trout, Mrs. William H (Jessie L)",Female,28.0,0,0,240929,12.65,,Southampton,Second Class,Mrs,D,14.0,Forward,Port,False,1
401,1,3,"Niskanen, Mr. Juha",Male,39.0,0,0,STON/O 2. 3101289,7.925,,Southampton,Third Class,Mr,G,26.0,Forward,Port,False,1
402,0,3,"Adams, Mr. John",Male,26.0,0,0,341826,8.05,,Southampton,Third Class,Mr,E,187.0,Aft,Starboard,False,1
403,0,3,"Jussila, Miss. Mari Aina",Female,21.0,1,0,4137,9.825,,Southampton,Third Class,Miss,E,152.0,Aft,Port,False,2
404,0,3,"Hakkarainen, Mr. Pekka Pietari",Male,28.0,1,0,STON/O2. 3101279,15.85,,Southampton,Third Class,Mr,F,95.0,Aft,Starboard,False,2
405,0,3,"Oreskovic, Miss. Marija",Female,20.0,0,0,315096,8.6625,,Southampton,Third Class,Miss,F,85.0,Aft,Starboard,False,1
406,0,2,"Gale, Mr. Shadrach",Male,34.0,1,0,28664,21.0,,Southampton,Second Class,Mr,D,148.0,Aft,Port,False,2
407,0,3,"Widegren, Mr. Carl/Charles Peter",Male,51.0,0,0,347064,7.75,,Southampton,Third Class,Mr,G,11.0,Forward,Starboard,False,1
408,1,2,"Richards, Master. William Rowe",Male,3.0,1,1,29106,18.75,,Southampton,Second Class,Master,F,83.0,Aft,Starboard,False,3
409,0,3,"Birkeland, Mr. Hans Martin Monsen",Male,21.0,0,0,312992,7.775,,Southampton,Third Class,Mr,F,21.0,Forward,Starboard,False,1
410,0,3,"Lefebre, Miss. Ida",Female,19.0,3,1,4133,25.4667,,Southampton,Third Class,Miss,G,37.0,Forward,Starboard,False,5
411,0,3,"Sdycoff, Mr. Todor",Male,47.0,0,0,349222,7.8958,,Southampton,Third Class,Mr,E,4.0,Forward,Port,False,1
412,0,3,"Hart, Mr. Henry",Male,57.0,0,0,394140,6.8583,,Queenstown,Third Class,Mr,E,3.0,Forward,Starboard,False,1
413,1,1,"Minahan, Miss. Daisy E",Female,33.0,1,0,19928,90.0,C78,Queenstown,First Class,Miss,C,78.0,Aft,Port,False,2
414,0,2,"Cunningham, Mr. Alfred Fleming",Male,55.0,0,0,239853,0.0,,Southampton,Second Class,Mr,E,64.0,Aft,Port,False,1
415,1,3,"Sundman, Mr. Johan Julian",Male,44.0,0,0,STON/O 2. 3101269,7.925,,Southampton,Third Class,Mr,F,23.0,Forward,Starboard,False,1
416,0,3,"Meek, Mrs. Thomas (Annie Louise Rowley)",Female,22.0,0,0,343095,8.05,,Southampton,Third Class,Mrs,G,49.0,Forward,Starboard,False,1
417,1,2,"Drew, Mrs. James Vivian (Lulu Thorne Christian)",Female,34.0,1,1,28220,32.5,,Southampton,Second Class,Mrs,F,85.0,Aft,Starboard,False,3
418,1,2,"Silven, Miss. Lyyli Karoliina",Female,18.0,0,2,250652,13.0,,Southampton,Second Class,Miss,E,93.0,Aft,Starboard,False,3
419,0,2,"Matthews, Mr. William John",Male,30.0,0,0,28228,13.0,,Southampton,Second Class,Mr,D,67.0,Aft,Starboard,False,1
420,0,3,"Van Impe, Miss. Catharina",Female,10.0,0,2,345773,24.15,,Southampton,Third Class,Miss,E,159.0,Aft,Starboard,False,3
421,0,3,"Gheorgheff, Mr. Stanio",Male,50.0,0,0,349254,7.8958,,Cherbourg,Third Class,Mr,F,95.0,Aft,Starboard,False,1
422,0,3,"Charters, Mr. David",Male,21.0,0,0,A/5. 13032,7.7333,,Queenstown,Third Class,Mr,G,28.0,Forward,Port,False,1
423,0,3,"Zimmerman, Mr. Leo",Male,29.0,0,0,315082,7.875,,Southampton,Third Class,Mr,G,60.0,Aft,Port,False,1
424,0,3,"Danbom, Mrs. Ernst Gilbert (Anna Sigrid Maria Brogren)",Female,28.0,1,1,347080,14.4,,Southampton,Third Class,Mrs,E,167.0,Aft,Starboard,False,3
425,0,3,"Rosblom, Mr. Viktor Richard",Male,18.0,1,1,370129,20.2125,,Southampton,Third Class,Mr,G,25.0,Forward,Starboard,False,3
426,0,3,"Wiseman, Mr. Phillippe",Male,53.0,0,0,A/4. 34244,7.25,,Southampton,Third Class,Mr,E,163.0,Aft,Starboard,False,1
427,1,2,"Clarke, Mrs. Charles V (Ada Maria Winfield)",Female,28.0,1,0,2003,26.0,,Southampton,Second Class,Mrs,F,10.0,Forward,Port,False,2
428,1,2,"Phillips, Miss. Kate Florence (""Mrs Kate Louise Phillips Marshall"")",Female,19.0,0,0,250655,26.0,,Southampton,Second Class,Miss,D,176.0,Aft,Port,False,1
429,0,3,"Flynn, Mr. James",Male,39.0,0,0,364851,7.75,,Queenstown,Third Class,Mr,G,38.0,Forward,Port,False,1
430,1,3,"Pickard, Mr. Berk (Berk Trembisky)",Male,32.0,0,0,SOTON/O.Q. 392078,8.05,E10,Southampton,Third Class,Mr,E,10.0,Forward,Port,False,1
431,1,1,"Bjornstrom-Steffansson, Mr. Mauritz Hakan",Male,28.0,0,0,110564,26.55,C52,Southampton,First Class,Mr,C,52.0,Aft,Port,False,1
432,1,3,"Thorneycroft, Mrs. Percival (Florence Kate White)",Female,34.0,1,0,376564,16.1,,Southampton,Third Class,Mrs,E,145.0,Aft,Starboard,False,2
433,1,2,"Louch, Mrs. Charles Alexander (Alice Adelaide Slow)",Female,42.0,1,0,SC/AH 3085,26.0,,Southampton,Second Class,Mrs,D,192.0,Aft,Port,False,2
434,0,3,"Kallio, Mr. Nikolai Erland",Male,17.0,0,0,STON/O 2. 3101274,7.125,,Southampton,Third Class,Mr,G,29.0,Forward,Starboard,False,1
435,0,1,"Silvey, Mr. William Baird",Male,50.0,1,0,13507,55.9,E44,Southampton,First Class,Mr,E,44.0,Forward,Port,False,2
436,1,1,"Carter, Miss. Lucile Polk",Female,14.0,1,2,113760,120.0,B96 B98,Southampton,First Class,Miss,B,96.0,Aft,Port,True,4
437,0,3,"Ford, Miss. Doolina Margaret ""Daisy""",Female,21.0,2,2,W./C. 6608,34.375,,Southampton,Third Class,Miss,F,19.0,Forward,Starboard,False,5
438,1,2,"Richards, Mrs. Sidney (Emily Hocking)",Female,24.0,2,3,29106,18.75,,Southampton,Second Class,Mrs,E,109.0,Aft,Starboard,False,6
439,0,1,"Fortune, Mr. Mark",Male,64.0,1,4,19950,263.0,C23 C25 C27,Southampton,First Class,Mr,C,23.0,Forward,Starboard,False,6
440,0,2,"Kvillner, Mr. Johan Henrik Johannesson",Male,31.0,0,0,C.A. 18723,10.5,,Southampton,Second Class,Mr,F,19.0,Forward,Starboard,False,1
441,1,2,"Hart, Mrs. Benjamin (Esther Ada Bloomfield)",Female,45.0,1,1,F.C.C. 13529,26.25,,Southampton,Second Class,Mrs,E,134.0,Aft,Port,False,3
442,0,3,"Hampe, Mr. Leon",Male,20.0,0,0,345769,9.5,,Southampton,Third Class,Mr,G,38.0,Forward,Port,False,1
443,0,3,"Petterson, Mr. Johan Emil",Male,25.0,1,0,347076,7.775,,Southampton,Third Class,Mr,F,16.0,Forward,Port,False,2
444,1,2,"Reynaldo, Ms. Encarnacion",Female,28.0,0,0,230434,13.0,,Southampton,Second Class,Ms,F,79.0,Aft,Starboard,False,1
445,1,3,"Johannesen-Bratthammer, Mr. Bernt",Male,46.0,0,0,65306,8.1125,,Southampton,Third Class,Mr,G,51.0,Aft,Starboard,False,1
446,1,1,"Dodge, Master. Washington",Male,4.0,0,2,33638,81.8583,A34,Southampton,First Class,Master,A,34.0,Forward,Port,True,3
447,1,2,"Mellinger, Miss. Madeleine Violet",Female,13.0,0,1,250644,19.5,,Southampton,Second Class,Miss,F,79.0,Aft,Starboard,False,2
448,1,1,"Seward, Mr. Frederic Kimber",Male,34.0,0,0,113794,26.55,,Southampton,First Class,Mr,D,44.0,Forward,Port,False,1
449,1,3,"Baclini, Miss. Marie Catherine",Female,5.0,2,1,2666,19.2583,,Cherbourg,Third Class,Miss,E,121.0,Aft,Starboard,False,4
450,1,1,"Peuchen, Major. Arthur Godfrey",Male,52.0,0,0,113786,30.5,C104,Southampton,First Class,Major,C,104.0,Aft,Port,False,1
451,0,2,"West, Mr. Edwy Arthur",Male,36.0,1,2,C.A. 34651,27.75,,Southampton,Second Class,Mr,D,119.0,Aft,Starboard,False,4
452,0,3,"Hagland, Mr. Ingvald Olai Olsen",Male,20.0,1,0,65303,19.9667,,Southampton,Third Class,Mr,F,57.0,Aft,Starboard,False,2
453,0,1,"Foreman, Mr. Benjamin Laventall",Male,30.0,0,0,113051,27.75,C111,Cherbourg,First Class,Mr,C,111.0,Aft,Starboard,False,1
454,1,1,"Goldenberg, Mr. Samuel L",Male,49.0,1,0,17453,89.1042,C92,Cherbourg,First Class,Mr,C,92.0,Aft,Port,False,2
455,0,3,"Peduzzi, Mr. Joseph",Male,18.0,0,0,A/5 2817,8.05,,Southampton,Third Class,Mr,G,14.0,Forward,Port,False,1
456,1,3,"Jalsevac, Mr. Ivan",Male,29.0,0,0,349240,7.8958,,Cherbourg,Third Class,Mr,G,13.0,Forward,Starboard,False,1
457,0,1,"Millet, Mr. Francis Davis",Male,65.0,0,0,13509,26.55,E38,Southampton,First Class,Mr,E,38.0,Forward,Port,False,1
458,1,1,"Kenyon, Mrs. Frederick R (Marion)",Female,37.0,1,0,17464,51.8625,D21,Southampton,First Class,Mrs,D,21.0,Forward,Starboard,False,2
459,1,2,"Toomey, Miss. Ellen",Female,50.0,0,0,F.C.C. 13531,10.5,,Southampton,Second Class,Miss,D,95.0,Aft,Starboard,False,1
460,0,3,"O'Connor, Mr. Maurice",Male,48.0,0,0,371060,7.75,,Queenstown,Third Class,Mr,G,25.0,Forward,Starboard,False,1
461,1,1,"Anderson, Mr. Harry",Male,48.0,0,0,19952,26.55,E12,Southampton,First Class,Mr,E,12.0,Forward,Port,False,1
462,0,3,"Morley, Mr. William",Male,34.0,0,0,364506,8.05,,Southampton,Third Class,Mr,E,159.0,Aft,Starboard,False,1
463,0,1,"Gee, Mr. Arthur H",Male,47.0,0,0,111320,38.5,E63,Southampton,First Class,Mr,E,63.0,Aft,Starboard,False,1
464,0,2,"Milling, Mr. Jacob Christian",Male,48.0,0,0,234360,13.0,,Southampton,Second Class,Mr,F,1.0,Forward,Starboard,False,1
465,0,3,"Maisner, Mr. Simon",Male,55.0,0,0,A/S 2816,8.05,,Southampton,Third Class,Mr,G,38.0,Forward,Port,False,1
466,0,3,"Goncalves, Mr. Manuel Estanslas",Male,38.0,0,0,SOTON/O.Q. 3101306,7.05,,Southampton,Third Class,Mr,G,19.0,Forward,Starboard,False,1
467,0,2,"Campbell, Mr. William",Male,41.0,0,0,239853,0.0,,Southampton,Second Class,Mr,E,54.0,Aft,Port,False,1
468,0,1,"Smart, Mr. John Montgomery",Male,56.0,0,0,113792,26.55,,Southampton,First Class,Mr,B,4.0,Forward,Port,True,1
469,0,3,"Scanlan, Mr. James",Male,51.0,0,0,36209,7.725,,Queenstown,Third Class,Mr,F,80.0,Aft,Port,False,1
470,1,3,"Baclini, Miss. Helene Barbara",Female,0.75,2,1,2666,19.2583,,Cherbourg,Third Class,Miss,F,99.0,Aft,Starboard,False,4
471,0,3,"Keefe, Mr. Arthur",Male,52.0,0,0,323592,7.25,,Southampton,Third Class,Mr,G,42.0,Forward,Port,False,1
472,0,3,"Cacic, Mr. Luka",Male,38.0,0,0,315089,8.6625,,Southampton,Third Class,Mr,G,56.0,Aft,Port,False,1
473,1,2,"West, Mrs. Edwy Arthur (Ada Mary Worth)",Female,33.0,1,2,C.A. 34651,27.75,,Southampton,Second Class,Mrs,E,27.0,Forward,Starboard,False,4
474,1,2,"Jerwan, Mrs. Amin S (Marie Marthe Thuillard)",Female,23.0,0,0,SC/AH Basle 541,13.7917,D,Cherbourg,Second Class,Mrs,D,187.0,Aft,Starboard,False,1
475,0,3,"Strandberg, Miss. Ida Sofia",Female,22.0,0,0,7553,9.8375,,Southampton,Third Class,Miss,E,68.0,Aft,Port,False,1
476,0,1,"Clifford, Mr. George Quincy",Male,51.0,0,0,110465,52.0,A14,Southampton,First Class,Mr,A,14.0,Forward,Port,True,1
477,0,2,"Renouf, Mr. Peter Henry",Male,34.0,1,0,31027,21.0,,Southampton,Second Class,Mr,D,165.0,Aft,Starboard,False,2
478,0,3,"Braund, Mr. Lewis Richard",Male,29.0,1,0,3460,7.0458,,Southampton,Third Class,Mr,G,56.0,Aft,Port,False,2
479,0,3,"Karlsson, Mr. Nils August",Male,22.0,0,0,350060,7.5208,,Southampton,Third Class,Mr,E,150.0,Aft,Port,False,1
480,1,3,"Hirvonen, Miss. Hildur E",Female,2.0,0,1,3101298,12.2875,,Southampton,Third Class,Miss,G,19.0,Forward,Starboard,False,2
481,0,3,"Goodwin, Master. Harold Victor",Male,9.0,5,2,CA 2144,46.9,,Southampton,Third Class,Master,G,53.0,Aft,Starboard,False,8
482,0,2,"Frost, Mr. Anthony Wood ""Archie""",Male,29.0,0,0,239854,0.0,,Southampton,Second Class,Mr,D,197.0,Aft,Starboard,False,1
483,0,3,"Rouse, Mr. Richard Henry",Male,50.0,0,0,A/5 3594,8.05,,Southampton,Third Class,Mr,E,116.0,Aft,Port,False,1
484,1,3,"Turkula, Mrs. (Hedwig)",Female,63.0,0,0,4134,9.5875,,Southampton,Third Class,Mrs,G,23.0,Forward,Starboard,False,1
485,1,1,"Bishop, Mr. Dickinson H",Male,25.0,1,0,11967,91.0792,B49,Cherbourg,First Class,Mr,B,49.0,Forward,Starboard,True,2
486,0,3,"Lefebre, Miss. Jeannie",Female,16.0,3,1,4133,25.4667,,Southampton,Third Class,Miss,G,3.0,Forward,Starboard,False,5
487,1,1,"Hoyt, Mrs. Frederick Maxfield (Jane Anne Forby)",Female,35.0,1,0,19943,90.0,C93,Southampton,First Class,Mrs,C,93.0,Aft,Starboard,False,2
488,0,1,"Kent, Mr. Edward Austin",Male,58.0,0,0,11771,29.7,B37,Cherbourg,First Class,Mr,B,37.0,Forward,Starboard,True,1
489,0,3,"Somerton, Mr. Francis William",Male,30.0,0,0,A.5. 18509,8.05,,Southampton,Third Class,Mr,F,57.0,Aft,Starboard,False,1
490,1,3,"Coutts, Master. Eden Leslie ""Neville""",Male,9.0,1,1,C.A. 37671,15.9,,Southampton,Third Class,Master,F,9.0,Forward,Starboard,False,3
491,0,3,"Hagland, Mr. Konrad Mathias Reiersen",Male,27.0,1,0,65304,19.9667,,Southampton,Third Class,Mr,E,67.0,Aft,Starboard,False,2
492,0,3,"Windelov, Mr. Einar",Male,21.0,0,0,SOTON/OQ 3101317,7.25,,Southampton,Third Class,Mr,F,87.0,Aft,Starboard,False,1
493,0,1,"Molson, Mr. Harry Markland",Male,55.0,0,0,113787,30.5,C30,Southampton,First Class,Mr,C,30.0,Forward,Port,False,1
494,0,1,"Artagaveytia, Mr. Ramon",Male,71.0,0,0,PC 17609,49.5042,,Cherbourg,First Class,Mr,C,124.0,Aft,Port,False,1
495,0,3,"Stanley, Mr. Edward Roland",Male,21.0,0,0,A/4 45380,8.05,,Southampton,Third Class,Mr,E,141.0,Aft,Starboard,False,1
496,0,3,"Yousseff, Mr. Gerious",Male,50.0,0,0,2627,14.4583,,Cherbourg,Third Class,Mr,G,26.0,Forward,Port,False,1
497,1,1,"Eustis, Miss. Elizabeth Mussey",Female,54.0,1,0,36947,78.2667,D20,Cherbourg,First Class,Miss,D,20.0,Forward,Port,False,2
498,0,3,"Shellard, Mr. Frederick William",Male,23.0,0,0,C.A. 6212,15.1,,Southampton,Third Class,Mr,G,19.0,Forward,Starboard,False,1
499,0,1,"Allison, Mrs. Hudson J C (Bessie Waldo Daniels)",Female,25.0,1,2,113781,151.55,C22 C26,Southampton,First Class,Mrs,C,22.0,Forward,Port,False,4
500,0,3,"Svensson, Mr. Olof",Male,24.0,0,0,350035,7.7958,,Southampton,Third Class,Mr,G,15.0,Forward,Starboard,False,1
501,0,3,"Calic, Mr. Petar",Male,17.0,0,0,315086,8.6625,,Southampton,Third Class,Mr,G,17.0,Forward,Starboard,False,1
502,0,3,"Canavan, Miss. Mary",Female,21.0,0,0,364846,7.75,,Queenstown,Third Class,Miss,F,81.0,Aft,Starboard,False,1
503,0,3,"O'Sullivan, Miss. Bridget Mary",Female,16.0,0,0,330909,7.6292,,Queenstown,Third Class,Miss,F,90.0,Aft,Port,False,1
504,0,3,"Laitinen, Miss. Kristina Sofia",Female,37.0,0,0,4135,9.5875,,Southampton,Third Class,Miss,F,97.0,Aft,Starboard,False,1
505,1,1,"Maioni, Miss. Roberta",Female,16.0,0,0,110152,86.5,B79,Southampton,First Class,Miss,B,79.0,Aft,Starboard,True,1
506,0,1,"Penasco y Castellana, Mr. Victor de Satode",Male,18.0,1,0,PC 17758,108.9,C65,Cherbourg,First Class,Mr,C,65.0,Aft,Starboard,False,2
507,1,2,"Quick, Mrs. Frederick Charles (Jane Richards)",Female,33.0,0,2,26360,26.0,,Southampton,Second Class,Mrs,F,32.0,Forward,Port,False,3
508,1,1,"Bradley, Mr. George (""George Arthur Brayton"")",Male,39.0,0,0,111427,26.55,,Southampton,First Class,Mr,D,91.0,Aft,Starboard,False,1
509,0,3,"Olsen, Mr. Henry Margido",Male,28.0,0,0,C 4001,22.525,,Southampton,Third Class,Mr,G,12.0,Forward,Port,False,1
510,1,3,"Lang, Mr. Fang",Male,26.0,0,0,1601,56.4958,,Southampton,Third Class,Mr,E,193.0,Aft,Starboard,False,1
511,1,3,"Daly, Mr. Eugene Patrick",Male,29.0,0,0,382651,7.75,,Queenstown,Third Class,Mr,F,10.0,Forward,Port,False,1
512,0,3,"Webber, Mr. James",Male,56.0,0,0,SOTON/OQ 3101316,8.05,,Southampton,Third Class,Mr,F,46.0,Forward,Port,False,1
513,1,1,"McGough, Mr. James Robert",Male,36.0,0,0,PC 17473,26.2875,E25,Southampton,First Class,Mr,E,25.0,Forward,Starboard,False,1
514,1,1,"Rothschild, Mrs. Martin (Elizabeth L. Barrett)",Female,54.0,1,0,PC 17603,59.4,,Cherbourg,First Class,Mrs,E,1.0,Forward,Starboard,False,2
515,0,3,"Coleff, Mr. Satio",Male,24.0,0,0,349209,7.4958,,Southampton,Third Class,Mr,E,40.0,Forward,Port,False,1
516,0,1,"Walker, Mr. William Anderson",Male,47.0,0,0,36967,34.0208,D46,Southampton,First Class,Mr,D,46.0,Forward,Port,False,1
517,1,2,"Lemore, Mrs. (Amelia Milley)",Female,34.0,0,0,C.A. 34260,10.5,F33,Southampton,Second Class,Mrs,F,33.0,Forward,Starboard,False,1
518,0,3,"Ryan, Mr. Patrick",Male,50.0,0,0,371110,24.15,,Queenstown,Third Class,Mr,F,81.0,Aft,Starboard,False,1
519,1,2,"Angle, Mrs. William A (Florence ""Mary"" Agnes Hughes)",Female,36.0,1,0,226875,26.0,,Southampton,Second Class,Mrs,F,81.0,Aft,Starboard,False,2
520,0,3,"Pavlovic, Mr. Stefo",Male,32.0,0,0,349242,7.8958,,Southampton,Third Class,Mr,F,73.0,Aft,Starboard,False,1
521,1,1,"Perreault, Miss. Anne",Female,30.0,0,0,12749,93.5,B73,Southampton,First Class,Miss,B,73.0,Aft,Starboard,True,1
522,0,3,"Vovk, Mr. Janko",Male,22.0,0,0,349252,7.8958,,Southampton,Third Class,Mr,F,24.0,Forward,Port,False,1
523,0,3,"Lahoud, Mr. Sarkis",Male,37.0,0,0,2624,7.225,,Cherbourg,Third Class,Mr,E,41.0,Forward,Starboard,False,1
524,1,1,"Hippach, Mrs. Louis Albert (Ida Sophia Fischer)",Female,44.0,0,1,111361,57.9792,B18,Cherbourg,First Class,Mrs,B,18.0,Forward,Port,True,2
525,0,3,"Kassem, Mr. Fared",Male,51.0,0,0,2700,7.2292,,Cherbourg,Third Class,Mr,F,89.0,Aft,Starboard,False,1
526,0,3,"Farrell, Mr. James",Male,40.5,0,0,367232,7.75,,Queenstown,Third Class,Mr,G,45.0,Forward,Starboard,False,1
527,1,2,"Ridsdale, Miss. Lucy",Female,50.0,0,0,W./C. 14258,10.5,,Southampton,Second Class,Miss,D,192.0,Aft,Port,False,1
528,0,1,"Farthing, Mr. John",Male,50.0,0,0,PC 17483,221.7792,C95,Southampton,First Class,Mr,C,95.0,Aft,Starboard,False,1
529,0,3,"Salonen, Mr. Johan Werner",Male,39.0,0,0,3101296,7.925,,Southampton,Third Class,Mr,E,36.0,Forward,Port,False,1
530,0,2,"Hocking, Mr. Richard George",Male,23.0,2,1,29104,11.5,,Southampton,Second Class,Mr,E,71.0,Aft,Starboard,False,4
531,1,2,"Quick, Miss. Phyllis May",Female,2.0,1,1,26360,26.0,,Southampton,Second Class,Miss,F,37.0,Forward,Starboard,False,3
532,0,3,"Toufik, Mr. Nakli",Male,51.0,0,0,2641,7.2292,,Cherbourg,Third Class,Mr,G,52.0,Aft,Port,False,1
533,0,3,"Elias, Mr. Joseph Jr",Male,17.0,1,1,2690,7.2292,,Cherbourg,Third Class,Mr,E,197.0,Aft,Starboard,False,3
534,1,3,"Peter, Mrs. Catherine (Catherine Rizk)",Female,27.0,0,2,2668,22.3583,,Cherbourg,Third Class,Mrs,G,58.0,Aft,Port,False,3
535,0,3,"Cacic, Miss. Marija",Female,30.0,0,0,315084,8.6625,,Southampton,Third Class,Miss,F,71.0,Aft,Starboard,False,1
536,1,2,"Hart, Miss. Eva Miriam",Female,7.0,0,2,F.C.C. 13529,26.25,,Southampton,Second Class,Miss,D,8.0,Forward,Port,False,3
537,0,1,"Butt, Major. Archibald Willingham",Male,45.0,0,0,113050,26.55,B38,Southampton,First Class,Major,B,38.0,Forward,Port,True,1
538,1,1,"LeRoy, Miss. Bertha",Female,30.0,0,0,PC 17761,106.425,,Cherbourg,First Class,Miss,A,13.0,Forward,Starboard,True,1
539,0,3,"Risien, Mr. Samuel Beard",Male,27.0,0,0,364498,14.5,,Southampton,Third Class,Mr,F,31.0,Forward,Starboard,False,1
540,1,1,"Frolicher, Miss. Hedwig Margaritha",Female,22.0,0,2,13568,49.5,B39,Cherbourg,First Class,Miss,B,39.0,Forward,Starboard,True,3
541,1,1,"Crosby, Miss. Harriet R",Female,36.0,0,2,WE/P 5735,71.0,B22,Southampton,First Class,Miss,B,22.0,Forward,Port,True,3
542,0,3,"Andersson, Miss. Ingeborg Constanzia",Female,9.0,4,2,347082,31.275,,Southampton,Third Class,Miss,F,42.0,Forward,Port,False,7
543,0,3,"Andersson, Miss. Sigrid Elisabeth",Female,11.0,4,2,347082,31.275,,Southampton,Third Class,Miss,F,88.0,Aft,Port,False,7
544,1,2,"Beane, Mr. Edward",Male,32.0,1,0,2908,26.0,,Southampton,Second Class,Mr,E,21.0,Forward,Starboard,False,2
545,0,1,"Douglas, Mr. Walter Donald",Male,50.0,1,0,PC 17761,106.425,C86,Cherbourg,First Class,Mr,C,86.0,Aft,Port,False,2
546,0,1,"Nicholson, Mr. Arthur Ernest",Male,64.0,0,0,693,26.0,,Southampton,First Class,Mr,B,70.0,Aft,Port,True,1
547,1,2,"Beane, Mrs. Edward (Ethel Clarke)",Female,19.0,1,0,2908,26.0,,Southampton,Second Class,Mrs,D,34.0,Forward,Port,False,2
548,1,2,"Padro y Manent, Mr. Julian",Male,25.0,0,0,SC/PARIS 2146,13.8625,,Cherbourg,Second Class,Mr,D,98.0,Aft,Port,False,1
549,0,3,"Goldsmith, Mr. Frank John",Male,33.0,1,1,363291,20.525,,Southampton,Third Class,Mr,E,158.0,Aft,Port,False,3
550,1,2,"Davies, Master. John Morgan Jr",Male,8.0,1,1,C.A. 33112,36.75,,Southampton,Second Class,Master,E,5.0,Forward,Starboard,False,3
551,1,1,"Thayer, Mr. John Borland Jr",Male,17.0,0,2,17421,110.8833,C70,Cherbourg,First Class,Mr,C,70.0,Aft,Port,False,3
552,0,2,"Sharp, Mr. Percival James R",Male,27.0,0,0,244358,26.0,,Southampton,Second Class,Mr,D,44.0,Forward,Port,False,1
553,0,3,"O'Brien, Mr. Timothy",Male,58.0,0,0,330979,7.8292,,Queenstown,Third Class,Mr,F,23.0,Forward,Starboard,False,1
554,1,3,"Leeni, Mr. Fahim (""Philip Zenni"")",Male,22.0,0,0,2620,7.225,,Cherbourg,Third Class,Mr,F,13.0,Forward,Starboard,False,1
555,1,3,"Ohman, Miss. Velin",Female,22.0,0,0,347085,7.775,,Southampton,Third Class,Miss,F,68.0,Aft,Port,False,1
556,0,1,"Wright, Mr. George",Male,62.0,0,0,113807,26.55,,Southampton,First Class,Mr,A,2.0,Forward,Port,True,1
557,1,1,"Duff Gordon, Lady. (Lucille Christiana Sutherland) (""Mrs Morgan"")",Female,48.0,1,0,11755,39.6,A16,Cherbourg,First Class,Lady,A,16.0,Forward,Port,True,2
558,0,1,"Robbins, Mr. Victor",Male,42.0,0,0,PC 17757,227.525,,Cherbourg,First Class,Mr,E,3.0,Forward,Starboard,False,1
559,1,1,"Taussig, Mrs. Emil (Tillie Mandelbaum)",Female,39.0,1,1,110413,79.65,E67,Southampton,First Class,Mrs,E,67.0,Aft,Starboard,False,3
560,1,3,"de Messemaeker, Mrs. Guillaume Joseph (Emma)",Female,36.0,1,0,345572,17.4,,Southampton,Third Class,Mrs,G,54.0,Aft,Port,False,2
561,0,3,"Morrow, Mr. Thomas Rowan",Male,51.0,0,0,372622,7.75,,Queenstown,Third Class,Mr,G,24.0,Forward,Port,False,1
562,0,3,"Sivic, Mr. Husein",Male,40.0,0,0,349251,7.8958,,Southampton,Third Class,Mr,E,83.0,Aft,Starboard,False,1
563,0,2,"Norman, Mr. Robert Douglas",Male,28.0,0,0,218629,13.5,,Southampton,Second Class,Mr,E,171.0,Aft,Starboard,False,1
564,0,3,"Simmons, Mr. John",Male,34.0,0,0,SOTON/OQ 392082,8.05,,Southampton,Third Class,Mr,F,71.0,Aft,Starboard,False,1
565,0,3,"Meanwell, Miss. (Marion Ogden)",Female,22.0,0,0,SOTON/O.Q. 392087,8.05,,Southampton,Third Class,Miss,G,8.0,Forward,Port,False,1
566,0,3,"Davies, Mr. Alfred J",Male,24.0,2,0,A/4 48871,24.15,,Southampton,Third Class,Mr,E,178.0,Aft,Port,False,3
567,0,3,"Stoytcheff, Mr. Ilia",Male,19.0,0,0,349205,7.8958,,Southampton,Third Class,Mr,E,54.0,Aft,Port,False,1
568,0,3,"Palsson, Mrs. Nils (Alma Cornelia Berglund)",Female,29.0,0,4,349909,21.075,,Southampton,Third Class,Mrs,F,28.0,Forward,Port,False,5
569,0,3,"Doharr, Mr. Tannous",Male,19.0,0,0,2686,7.2292,,Cherbourg,Third Class,Mr,G,35.0,Forward,Starboard,False,1
570,1,3,"Jonsson, Mr. Carl",Male,32.0,0,0,350417,7.8542,,Southampton,Third Class,Mr,E,49.0,Forward,Starboard,False,1
571,1,2,"Harris, Mr. George",Male,62.0,0,0,S.W./PP 752,10.5,,Southampton,Second Class,Mr,F,98.0,Aft,Port,False,1
572,1,1,"Appleton, Mrs. Edward Dale (Charlotte Lamson)",Female,53.0,2,0,11769,51.4792,C101,Southampton,First Class,Mrs,C,101.0,Aft,Starboard,False,3
573,1,1,"Flynn, Mr. John Irwin (""Irving"")",Male,36.0,0,0,PC 17474,26.3875,E25,Southampton,First Class,Mr,E,25.0,Forward,Starboard,False,1
574,1,3,"Kelly, Miss. Mary",Female,15.0,0,0,14312,7.75,,Queenstown,Third Class,Miss,E,151.0,Aft,Starboard,False,1
575,0,3,"Rush, Mr. Alfred George John",Male,16.0,0,0,A/4. 20589,8.05,,Southampton,Third Class,Mr,E,37.0,Forward,Starboard,False,1
576,0,3,"Patchett, Mr. George",Male,19.0,0,0,358585,14.5,,Southampton,Third Class,Mr,F,89.0,Aft,Starboard,False,1
577,1,2,"Garside, Miss. Ethel",Female,34.0,0,0,243880,13.0,,Southampton,Second Class,Miss,F,15.0,Forward,Starboard,False,1
578,1,1,"Silvey, Mrs. William Baird (Alice Munger)",Female,39.0,1,0,13507,55.9,E44,Southampton,First Class,Mrs,E,44.0,Forward,Port,False,2
579,0,3,"Caram, Mrs. Joseph (Maria Elias)",Female,21.0,1,0,2689,14.4583,,Cherbourg,Third Class,Mrs,F,64.0,Aft,Port,False,2
580,1,3,"Jussila, Mr. Eiriik",Male,32.0,0,0,STON/O 2. 3101286,7.925,,Southampton,Third Class,Mr,G,7.0,Forward,Starboard,False,1
581,1,2,"Christy, Miss. Julie Rachel",Female,25.0,1,1,237789,30.0,,Southampton,Second Class,Miss,E,175.0,Aft,Starboard,False,3
582,1,1,"Thayer, Mrs. John Borland (Marian Longstreth Morris)",Female,39.0,1,1,17421,110.8833,C68,Cherbourg,First Class,Mrs,C,68.0,Aft,Port,False,3
583,0,2,"Downton, Mr. William James",Male,54.0,0,0,28403,26.0,,Southampton,Second Class,Mr,F,38.0,Forward,Port,False,1
584,0,1,"Ross, Mr. John Hugo",Male,36.0,0,0,13049,40.125,A10,Cherbourg,First Class,Mr,A,10.0,Forward,Port,True,1
585,0,3,"Paulner, Mr. Uscher",Male,36.0,0,0,3411,8.7125,,Cherbourg,Third Class,Mr,F,37.0,Forward,Starboard,False,1
586,1,1,"Taussig, Miss. Ruth",Female,18.0,0,2,110413,79.65,E68,Southampton,First Class,Miss,E,68.0,Aft,Port,False,3
587,0,2,"Jarvis, Mr. John Denzil",Male,47.0,0,0,237565,15.0,,Southampton,Second Class,Mr,D,76.0,Aft,Port,False,1
588,1,1,"Frolicher-Stehli, Mr. Maxmillian",Male,60.0,1,1,13567,79.2,B41,Cherbourg,First Class,Mr,B,41.0,Forward,Starboard,True,3
589,0,3,"Gilinski, Mr. Eliezer",Male,22.0,0,0,14973,8.05,,Southampton,Third Class,Mr,E,47.0,Forward,Starboard,False,1
590,0,3,"Murdlin, Mr. Joseph",Male,22.0,0,0,A./5. 3235,8.05,,Southampton,Third Class,Mr,F,20.0,Forward,Port,False,1
591,0,3,"Rintamaki, Mr. Matti",Male,35.0,0,0,STON/O 2. 3101273,7.125,,Southampton,Third Class,Mr,E,11.0,Forward,Starboard,False,1
592,1,1,"Stephenson, Mrs. Walter Bertram (Martha Eustis)",Female,52.0,1,0,36947,78.2667,D20,Cherbourg,First Class,Mrs,D,20.0,Forward,Port,False,2
593,0,3,"Elsbury, Mr. William James",Male,47.0,0,0,A/5 3902,7.25,,Southampton,Third Class,Mr,E,121.0,Aft,Starboard,False,1
594,0,3,"Bourke, Miss. Mary",Female,21.0,0,2,364848,7.75,,Queenstown,Third Class,Miss,F,13.0,Forward,Starboard,False,3
595,0,2,"Chapman, Mr. John Henry",Male,37.0,1,0,SC/AH 29037,26.0,,Southampton,Second Class,Mr,D,135.0,Aft,Starboard,False,2
596,0,3,"Van Impe, Mr. Jean Baptiste",Male,36.0,1,1,345773,24.15,,Southampton,Third Class,Mr,E,117.0,Aft,Starboard,False,3
597,1,2,"Leitch, Miss. Jessie Wills",Female,21.0,0,0,248727,33.0,,Southampton,Second Class,Miss,F,28.0,Forward,Port,False,1
598,0,3,"Johnson, Mr. Alfred",Male,49.0,0,0,LINE,0.0,,Southampton,Third Class,Mr,E,91.0,Aft,Starboard,False,1
599,0,3,"Boulos, Mr. Hanna",Male,36.0,0,0,2664,7.225,,Cherbourg,Third Class,Mr,E,76.0,Aft,Port,False,1
600,1,1,"Duff Gordon, Sir. Cosmo Edmund (""Mr Morgan"")",Male,49.0,1,0,PC 17485,56.9292,A20,Cherbourg,First Class,Sir,A,20.0,Forward,Port,True,2
601,1,2,"Jacobsohn, Mrs. Sidney Samuel (Amy Frances Christy)",Female,24.0,2,1,243847,27.0,,Southampton,Second Class,Mrs,D,187.0,Aft,Starboard,False,4
602,0,3,"Slabenoff, Mr. Petco",Male,52.0,0,0,349214,7.8958,,Southampton,Third Class,Mr,F,86.0,Aft,Port,False,1
603,0,1,"Harrington, Mr. Charles H",Male,55.0,0,0,113796,42.4,,Southampton,First Class,Mr,A,16.0,Forward,Port,True,1
604,0,3,"Torber, Mr. Ernst William",Male,44.0,0,0,364511,8.05,,Southampton,Third Class,Mr,E,65.0,Aft,Starboard,False,1
605,1,1,"Homer, Mr. Harry (""Mr E Haven"")",Male,35.0,0,0,111426,26.55,,Cherbourg,First Class,Mr,E,24.0,Forward,Port,False,1
606,0,3,"Lindell, Mr. Edvard Bengtsson",Male,36.0,1,0,349910,15.55,,Southampton,Third Class,Mr,G,57.0,Aft,Starboard,False,2
607,0,3,"Karaic, Mr. Milan",Male,30.0,0,0,349246,7.8958,,Southampton,Third Class,Mr,E,63.0,Aft,Starboard,False,1
608,1,1,"Daniel, Mr. Robert Williams",Male,27.0,0,0,113804,30.5,,Southampton,First Class,Mr,D,27.0,Forward,Starboard,False,1
609,1,2,"Laroche, Mrs. Joseph (Juliette Marie Louise Lafargue)",Female,22.0,1,2,SC/Paris 2123,41.5792,,Cherbourg,Second Class,Mrs,D,155.0,Aft,Starboard,False,4
610,1,1,"Shutes, Miss. Elizabeth W",Female,40.0,0,0,PC 17582,153.4625,C125,Southampton,First Class,Miss,C,125.0,Aft,Starboard,False,1
611,0,3,"Andersson, Mrs. Anders Johan (Alfrida Konstantia Brogren)",Female,39.0,1,5,347082,31.275,,Southampton,Third Class,Mrs,F,6.0,Forward,Port,False,7
612,0,3,"Jardin, Mr. Jose Neto",Male,48.0,0,0,SOTON/O.Q. 3101305,7.05,,Southampton,Third Class,Mr,F,91.0,Aft,Starboard,False,1
613,1,3,"Murphy, Miss. Margaret Jane",Female,15.0,1,0,367230,15.5,,Queenstown,Third Class,Miss,F,2.0,Forward,Port,False,2
614,0,3,"Horgan, Mr. John",Male,36.0,0,0,370377,7.75,,Queenstown,Third Class,Mr,F,78.0,Aft,Port,False,1
615,0,3,"Brocklebank, Mr. William Alfred",Male,35.0,0,0,364512,8.05,,Southampton,Third Class,Mr,E,122.0,Aft,Port,False,1
616,1,2,"Herman, Miss. Alice",Female,24.0,1,2,220845,65.0,,Southampton,Second Class,Miss,D,167.0,Aft,Starboard,False,4
617,0,3,"Danbom, Mr. Ernst Gilbert",Male,34.0,1,1,347080,14.4,,Southampton,Third Class,Mr,F,37.0,Forward,Starboard,False,3
618,0,3,"Lobb, Mrs. William Arthur (Cordelia K Stanlick)",Female,26.0,1,0,A/5. 3336,16.1,,Southampton,Third Class,Mrs,E,72.0,Aft,Port,False,2
619,1,2,"Becker, Miss. Marion Louise",Female,4.0,2,1,230136,39.0,F4,Southampton,Second Class,Miss,F,4.0,Forward,Port,False,4
620,0,2,"Gavey, Mr. Lawrence",Male,26.0,0,0,31028,10.5,,Southampton,Second Class,Mr,F,41.0,Forward,Starboard,False,1
621,0,3,"Yasbeck, Mr. Antoni",Male,27.0,1,0,2659,14.4542,,Cherbourg,Third Class,Mr,E,57.0,Aft,Starboard,False,2
622,1,1,"Kimball, Mr. Edwin Nelson Jr",Male,42.0,1,0,11753,52.5542,D19,Southampton,First Class,Mr,D,19.0,Forward,Starboard,False,2
623,1,3,"Nakid, Mr. Sahid",Male,20.0,1,1,2653,15.7417,,Cherbourg,Third Class,Mr,G,45.0,Forward,Starboard,False,3
624,0,3,"Hansen, Mr. Henry Damsgaard",Male,21.0,0,0,350029,7.8542,,Southampton,Third Class,Mr,F,19.0,Forward,Starboard,False,1
625,0,3,"Bowen, Mr. David John ""Dai""",Male,21.0,0,0,54636,16.1,,Southampton,Third Class,Mr,G,3.0,Forward,Starboard,False,1
626,0,1,"Sutton, Mr. Frederick",Male,61.0,0,0,36963,32.3208,D50,Southampton,First Class,Mr,D,50.0,Aft,Port,False,1
627,0,2,"Kirkland, Rev. Charles Leonard",Male,57.0,0,0,219533,12.35,,Queenstown,Second Class,Rev,E,166.0,Aft,Port,False,1
628,1,1,"Longley, Miss. Gretchen Fiske",Female,21.0,0,0,13502,77.9583,D9,Southampton,First Class,Miss,D,9.0,Forward,Starboard,False,1
629,0,3,"Bostandyeff, Mr. Guentcho",Male,26.0,0,0,349224,7.8958,,Southampton,Third Class,Mr,E,65.0,Aft,Starboard,False,1
630,0,3,"O'Connell, Mr. Patrick D",Male,18.0,0,0,334912,7.7333,,Queenstown,Third Class,Mr,E,105.0,Aft,Starboard,False,1
631,1,1,"Barkworth, Mr. Algernon Henry Wilson",Male,80.0,0,0,27042,30.0,A23,Southampton,First Class,Mr,A,23.0,Forward,Starboard,True,1
632,0,3,"Lundahl, Mr. Johan Svensson",Male,51.0,0,0,347743,7.0542,,Southampton,Third Class,Mr,F,85.0,Aft,Starboard,False,1
633,1,1,"Stahelin-Maeglin, Dr. Max",Male,32.0,0,0,13214,30.5,B50,Cherbourg,First Class,Dr,B,50.0,Aft,Port,True,1
634,0,1,"Parr, Mr. William Henry Marsh",Male,44.0,0,0,112052,0.0,,Southampton,First Class,Mr,C,87.0,Aft,Starboard,False,1
635,0,3,"Skoog, Miss. Mabel",Female,9.0,3,2,347088,27.9,,Southampton,Third Class,Miss,E,8.0,Forward,Port,False,6
636,1,2,"Davis, Miss. Mary",Female,28.0,0,0,237668,13.0,,Southampton,Second Class,Miss,E,59.0,Aft,Starboard,False,1
637,0,3,"Leinonen, Mr. Antti Gustaf",Male,32.0,0,0,STON/O 2. 3101292,7.925,,Southampton,Third Class,Mr,G,9.0,Forward,Starboard,False,1
638,0,2,"Collyer, Mr. Harvey",Male,31.0,1,1,C.A. 31921,26.25,,Southampton,Second Class,Mr,F,4.0,Forward,Port,False,3
639,0,3,"Panula, Mrs. Juha (Maria Emilia Ojala)",Female,41.0,0,5,3101295,39.6875,,Southampton,Third Class,Mrs,G,42.0,Forward,Port,False,6
640,0,3,"Thorneycroft, Mr. Percival",Male,23.0,1,0,376564,16.1,,Southampton,Third Class,Mr,F,77.0,Aft,Starboard,False,2
641,0,3,"Jensen, Mr. Hans Peder",Male,20.0,0,0,350050,7.8542,,Southampton,Third Class,Mr,F,72.0,Aft,Port,False,1
642,1,1,"Sagesser, Mlle. Emma",Female,24.0,0,0,PC 17477,69.3,B35,Cherbourg,First Class,Mlle,B,35.0,Forward,Starboard,True,1
643,0,3,"Skoog, Miss. Margit Elizabeth",Female,2.0,3,2,347088,27.9,,Southampton,Third Class,Miss,F,46.0,Forward,Port,False,6
644,1,3,"Foo, Mr. Choong",Male,27.0,0,0,1601,56.4958,,Southampton,Third Class,Mr,F,59.0,Aft,Starboard,False,1
645,1,3,"Baclini, Miss. Eugenie",Female,0.75,2,1,2666,19.2583,,Cherbourg,Third Class,Miss,E,47.0,Forward,Starboard,False,4
646,1,1,"Harper, Mr. Henry Sleeper",Male,48.0,1,0,PC 17572,76.7292,D33,Cherbourg,First Class,Mr,D,33.0,Forward,Starboard,False,2
647,0,3,"Cor, Mr. Liudevit",Male,19.0,0,0,349231,7.8958,,Southampton,Third Class,Mr,G,9.0,Forward,Starboard,False,1
648,1,1,"Simonius-Blumer, Col. Oberst Alfons",Male,56.0,0,0,13213,35.5,A26,Cherbourg,First Class,Col,A,26.0,Forward,Port,True,1
649,0,3,"Willey, Mr. Edward",Male,48.0,0,0,S.O./P.P. 751,7.55,,Southampton,Third Class,Mr,E,183.0,Aft,Starboard,False,1
650,1,3,"Stanley, Miss. Amy Zillah Elsie",Female,23.0,0,0,CA. 2314,7.55,,Southampton,Third Class,Miss,G,31.0,Forward,Starboard,False,1
651,0,3,"Mitkoff, Mr. Mito",Male,34.0,0,0,349221,7.8958,,Southampton,Third Class,Mr,F,97.0,Aft,Starboard,False,1
652,1,2,"Doling, Miss. Elsie",Female,18.0,0,1,231919,23.0,,Southampton,Second Class,Miss,D,126.0,Aft,Port,False,2
653,0,3,"Kalvik, Mr. Johannes Halvorsen",Male,21.0,0,0,8475,8.4333,,Southampton,Third Class,Mr,G,23.0,Forward,Starboard,False,1
654,1,3,"O'Leary, Miss. Hanora ""Norah""",Female,21.0,0,0,330919,7.8292,,Queenstown,Third Class,Miss,E,187.0,Aft,Starboard,False,1
655,0,3,"Hegarty, Miss. Hanora ""Nora""",Female,18.0,0,0,365226,6.75,,Queenstown,Third Class,Miss,G,20.0,Forward,Port,False,1
656,0,2,"Hickman, Mr. Leonard Mark",Male,24.0,2,0,S.O.C. 14879,73.5,,Southampton,Second Class,Mr,E,141.0,Aft,Starboard,False,3
657,0,3,"Radeff, Mr. Alexander",Male,50.0,0,0,349223,7.8958,,Southampton,Third Class,Mr,F,1.0,Forward,Starboard,False,1
658,0,3,"Bourke, Mrs. John (Catherine)",Female,32.0,1,1,364849,15.5,,Queenstown,Third Class,Mrs,F,51.0,Aft,Starboard,False,3
659,0,2,"Eitemiller, Mr. George Floyd",Male,23.0,0,0,29751,13.0,,Southampton,Second Class,Mr,F,84.0,Aft,Port,False,1
660,0,1,"Newell, Mr. Arthur Webster",Male,58.0,0,2,35273,113.275,D48,Cherbourg,First Class,Mr,D,48.0,Forward,Port,False,3
661,1,1,"Frauenthal, Dr. Henry William",Male,50.0,2,0,PC 17611,133.65,,Southampton,First Class,Dr,C,19.0,Forward,Starboard,False,3
662,0,3,"Badt, Mr. Mohamed",Male,40.0,0,0,2623,7.225,,Cherbourg,Third Class,Mr,E,60.0,Aft,Port,False,1
663,0,1,"Colley, Mr. Edward Pomeroy",Male,47.0,0,0,5727,25.5875,E58,Southampton,First Class,Mr,E,58.0,Aft,Port,False,1
664,0,3,"Coleff, Mr. Peju",Male,36.0,0,0,349210,7.4958,,Southampton,Third Class,Mr,E,37.0,Forward,Starboard,False,1
665,1,3,"Lindqvist, Mr. Eino William",Male,20.0,1,0,STON/O 2. 3101285,7.925,,Southampton,Third Class,Mr,G,21.0,Forward,Starboard,False,2
666,0,2,"Hickman, Mr. Lewis",Male,32.0,2,0,S.O.C. 14879,73.5,,Southampton,Second Class,Mr,D,1.0,Forward,Starboard,False,3
667,0,2,"Butler, Mr. Reginald Fenton",Male,25.0,0,0,234686,13.0,,Southampton,Second Class,Mr,F,41.0,Forward,Starboard,False,1
668,0,3,"Rommetvedt, Mr. Knud Paust",Male,32.0,0,0,312993,7.775,,Southampton,Third Class,Mr,F,50.0,Aft,Port,False,1
669,0,3,"Cook, Mr. Jacob",Male,43.0,0,0,A/5 3536,8.05,,Southampton,Third Class,Mr,G,26.0,Forward,Port,False,1
670,1,1,"Taylor, Mrs. Elmer Zebley (Juliet Cummins Wright)",Female,34.0,1,0,19996,52.0,C126,Southampton,First Class,Mrs,C,126.0,Aft,Port,False,2
671,1,2,"Brown, Mrs. Thomas William Solomon (Elizabeth Catherine Ford)",Female,40.0,1,1,29750,39.0,,Southampton,Second Class,Mrs,E,85.0,Aft,Starboard,False,3
672,0,1,"Davidson, Mr. Thornton",Male,31.0,1,0,F.C. 12750,52.0,B71,Southampton,First Class,Mr,B,71.0,Aft,Starboard,True,2
673,0,2,"Mitchell, Mr. Henry Michael",Male,70.0,0,0,C.A. 24580,10.5,,Southampton,Second Class,Mr,F,20.0,Forward,Port,False,1
674,1,2,"Wilhelms, Mr. Charles",Male,31.0,0,0,244270,13.0,,Southampton,Second Class,Mr,F,41.0,Forward,Starboard,False,1
675,0,2,"Watson, Mr. Ennis Hastings",Male,34.0,0,0,239856,0.0,,Southampton,Second Class,Mr,D,106.0,Aft,Port,False,1
676,0,3,"Edvardsson, Mr. Gustaf Hjalmar",Male,18.0,0,0,349912,7.775,,Southampton,Third Class,Mr,G,33.0,Forward,Starboard,False,1
677,0,3,"Sawyer, Mr. Frederick Charles",Male,24.5,0,0,342826,8.05,,Southampton,Third Class,Mr,F,63.0,Aft,Starboard,False,1
678,1,3,"Turja, Miss. Anna Sofia",Female,18.0,0,0,4138,9.8417,,Southampton,Third Class,Miss,G,3.0,Forward,Starboard,False,1
679,0,3,"Goodwin, Mrs. Frederick (Augusta Tyler)",Female,43.0,1,6,CA 2144,46.9,,Southampton,Third Class,Mrs,E,168.0,Aft,Port,False,8
680,1,1,"Cardeza, Mr. Thomas Drake Martinez",Male,36.0,0,1,PC 17755,512.3292,B51 B53 B55,Cherbourg,First Class,Mr,B,51.0,Aft,Starboard,True,2
681,0,3,"Peters, Miss. Katie",Female,19.0,0,0,330935,8.1375,,Queenstown,Third Class,Miss,E,66.0,Aft,Port,False,1
682,1,1,"Hassab, Mr. Hammad",Male,27.0,0,0,PC 17572,76.7292,D49,Cherbourg,First Class,Mr,D,49.0,Forward,Starboard,False,1
683,0,3,"Olsvigen, Mr. Thor Anderson",Male,20.0,0,0,6563,9.225,,Southampton,Third Class,Mr,F,91.0,Aft,Starboard,False,1
684,0,3,"Goodwin, Mr. Charles Edward",Male,14.0,5,2,CA 2144,46.9,,Southampton,Third Class,Mr,G,54.0,Aft,Port,False,8
685,0,2,"Brown, Mr. Thomas William Solomon",Male,60.0,1,1,29750,39.0,,Southampton,Second Class,Mr,D,46.0,Forward,Port,False,3
686,0,2,"Laroche, Mr. Joseph Philippe Lemercier",Male,25.0,1,2,SC/Paris 2123,41.5792,,Cherbourg,Second Class,Mr,D,67.0,Aft,Starboard,False,4
687,0,3,"Panula, Mr. Jaako Arnold",Male,14.0,4,1,3101295,39.6875,,Southampton,Third Class,Mr,F,76.0,Aft,Port,False,6
688,0,3,"Dakic, Mr. Branko",Male,19.0,0,0,349228,10.1708,,Southampton,Third Class,Mr,E,164.0,Aft,Port,False,1
689,0,3,"Fischer, Mr. Eberhard Thelander",Male,18.0,0,0,350036,7.7958,,Southampton,Third Class,Mr,E,177.0,Aft,Starboard,False,1
690,1,1,"Madill, Miss. Georgette Alexandra",Female,15.0,0,1,24160,211.3375,B5,Southampton,First Class,Miss,B,5.0,Forward,Starboard,True,2
691,1,1,"Dick, Mr. Albert Adrian",Male,31.0,1,0,17474,57.0,B20,Southampton,First Class,Mr,B,20.0,Forward,Port,True,2
692,1,3,"Karun, Miss. Manca",Female,4.0,0,1,349256,13.4167,,Cherbourg,Third Class,Miss,E,118.0,Aft,Port,False,2
693,1,3,"Lam, Mr. Ali",Male,53.0,0,0,1601,56.4958,,Southampton,Third Class,Mr,F,54.0,Aft,Port,False,1
694,0,3,"Saad, Mr. Khalil",Male,25.0,0,0,2672,7.225,,Cherbourg,Third Class,Mr,G,5.0,Forward,Starboard,False,1
695,0,1,"Weir, Col. John",Male,60.0,0,0,113800,26.55,,Southampton,First Class,Col,A,5.0,Forward,Starboard,True,1
696,0,2,"Chapman, Mr. Charles Henry",Male,52.0,0,0,248731,13.5,,Southampton,Second Class,Mr,F,43.0,Forward,Starboard,False,1
697,0,3,"Kelly, Mr. James",Male,44.0,0,0,363592,8.05,,Southampton,Third Class,Mr,G,50.0,Aft,Port,False,1
698,1,3,"Mullens, Miss. Katherine ""Katie""",Female,21.0,0,0,35852,7.7333,,Queenstown,Third Class,Miss,G,46.0,Forward,Port,False,1
699,0,1,"Thayer, Mr. John Borland",Male,49.0,1,1,17421,110.8833,C68,Cherbourg,First Class,Mr,C,68.0,Aft,Port,False,3
700,0,3,"Humblen, Mr. Adolf Mathias Nicolai Olsen",Male,42.0,0,0,348121,7.65,F G63,Southampton,Third Class,Mr,F,63.0,Aft,Starboard,False,1
701,1,1,"Astor, Mrs. John Jacob (Madeleine Talmadge Force)",Female,18.0,1,0,PC 17757,227.525,C62 C64,Cherbourg,First Class,Mrs,C,62.0,Aft,Port,False,2
702,1,1,"Silverthorne, Mr. Spencer Victor",Male,35.0,0,0,PC 17475,26.2875,E24,Southampton,First Class,Mr,E,24.0,Forward,Port,False,1
703,0,3,"Barbara, Miss. Saiide",Female,18.0,0,1,2691,14.4542,,Cherbourg,Third Class,Miss,E,168.0,Aft,Port,False,2
704,0,3,"Gallagher, Mr. Martin",Male,25.0,0,0,36864,7.7417,,Queenstown,Third Class,Mr,E,54.0,Aft,Port,False,1
705,0,3,"Hansen, Mr. Henrik Juul",Male,26.0,1,0,350025,7.8542,,Southampton,Third Class,Mr,E,144.0,Aft,Port,False,2
706,0,2,"Morley, Mr. Henry Samuel (""Mr Henry Marshall"")",Male,39.0,0,0,250655,26.0,,Southampton,Second Class,Mr,F,32.0,Forward,Port,False,1
707,1,2,"Kelly, Mrs. Florence ""Fannie""",Female,45.0,0,0,223596,13.5,,Southampton,Second Class,Mrs,D,25.0,Forward,Starboard,False,1
708,1,1,"Calderhead, Mr. Edward Pennington",Male,42.0,0,0,PC 17476,26.2875,E24,Southampton,First Class,Mr,E,24.0,Forward,Port,False,1
709,1,1,"Cleaver, Miss. Alice",Female,22.0,0,0,113781,151.55,,Southampton,First Class,Miss,D,24.0,Forward,Port,False,1
710,1,3,"Moubarek, Master. Halim Gonios (""William George"")",Male,7.0,1,1,2661,15.2458,,Cherbourg,Third Class,Master,G,25.0,Forward,Starboard,False,3
711,1,1,"Mayne, Mlle. Berthe Antonine (""Mrs de Villiers"")",Female,24.0,0,0,PC 17482,49.5042,C90,Cherbourg,First Class,Mlle,C,90.0,Aft,Port,False,1
712,0,1,"Klaber, Mr. Herman",Male,18.0,0,0,113028,26.55,C124,Southampton,First Class,Mr,C,124.0,Aft,Port,False,1
713,1,1,"Taylor, Mr. Elmer Zebley",Male,48.0,1,0,19996,52.0,C126,Southampton,First Class,Mr,C,126.0,Aft,Port,False,2
714,0,3,"Larsson, Mr. August Viktor",Male,29.0,0,0,7545,9.4833,,Southampton,Third Class,Mr,E,102.0,Aft,Port,False,1
715,0,2,"Greenberg, Mr. Samuel",Male,52.0,0,0,250647,13.0,,Southampton,Second Class,Mr,E,40.0,Forward,Port,False,1
716,0,3,"Soholt, Mr. Peter Andreas Lauritz Andersen",Male,19.0,0,0,348124,7.65,F G73,Southampton,Third Class,Mr,F,73.0,Aft,Starboard,False,1
717,1,1,"Endres, Miss. Caroline Louise",Female,38.0,0,0,PC 17757,227.525,C45,Cherbourg,First Class,Miss,C,45.0,Forward,Starboard,False,1
718,1,2,"Troutt, Miss. Edwina Celia ""Winnie""",Female,27.0,0,0,34218,10.5,E101,Southampton,Second Class,Miss,E,101.0,Aft,Starboard,False,1
719,0,3,"McEvoy, Mr. Michael",Male,22.0,0,0,36568,15.5,,Queenstown,Third Class,Mr,E,175.0,Aft,Starboard,False,1
720,0,3,"Johnson, Mr. Malkolm Joackim",Male,33.0,0,0,347062,7.775,,Southampton,Third Class,Mr,G,22.0,Forward,Port,False,1
721,1,2,"Harper, Miss. Annie Jessie ""Nina""",Female,6.0,0,1,248727,33.0,,Southampton,Second Class,Miss,E,141.0,Aft,Starboard,False,2
722,0,3,"Jensen, Mr. Svend Lauritz",Male,17.0,1,0,350048,7.0542,,Southampton,Third Class,Mr,F,100.0,Aft,Port,False,2
723,0,2,"Gillespie, Mr. William Henry",Male,34.0,0,0,12233,13.0,,Southampton,Second Class,Mr,D,126.0,Aft,Port,False,1
724,0,2,"Hodges, Mr. Henry Price",Male,50.0,0,0,250643,13.0,,Southampton,Second Class,Mr,E,10.0,Forward,Port,False,1
725,1,1,"Chambers, Mr. Norman Campbell",Male,27.0,1,0,113806,53.1,E8,Southampton,First Class,Mr,E,8.0,Forward,Port,False,2
726,0,3,"Oreskovic, Mr. Luka",Male,20.0,0,0,315094,8.6625,,Southampton,Third Class,Mr,F,36.0,Forward,Port,False,1
727,1,2,"Renouf, Mrs. Peter Henry (Lillian Jefferys)",Female,30.0,3,0,31027,21.0,,Southampton,Second Class,Mrs,E,186.0,Aft,Port,False,4
728,1,3,"Mannion, Miss. Margareth",Female,16.0,0,0,36866,7.7375,,Queenstown,Third Class,Miss,E,114.0,Aft,Port,False,1
729,0,2,"Bryhl, Mr. Kurt Arnold Gottfrid",Male,25.0,1,0,236853,26.0,,Southampton,Second Class,Mr,F,72.0,Aft,Port,False,2
730,0,3,"Ilmakangas, Miss. Pieta Sofia",Female,25.0,1,0,STON/O2. 3101271,7.925,,Southampton,Third Class,Miss,E,142.0,Aft,Port,False,2
731,1,1,"Allen, Miss. Elisabeth Walton",Female,29.0,0,0,24160,211.3375,B5,Southampton,First Class,Miss,B,5.0,Forward,Starboard,True,1
732,0,3,"Hassan, Mr. Houssein G N",Male,11.0,0,0,2699,18.7875,,Cherbourg,Third Class,Mr,E,166.0,Aft,Port,False,1
733,0,2,"Knight, Mr. Robert J",Male,26.0,0,0,239855,0.0,,Southampton,Second Class,Mr,F,96.0,Aft,Port,False,1
734,0,2,"Berriman, Mr. William John",Male,23.0,0,0,28425,13.0,,Southampton,Second Class,Mr,F,80.0,Aft,Port,False,1
735,0,2,"Troupiansky, Mr. Moses Aaron",Male,23.0,0,0,233639,13.0,,Southampton,Second Class,Mr,E,200.0,Aft,Port,False,1
736,0,3,"Williams, Mr. Leslie",Male,28.5,0,0,54636,16.1,,Southampton,Third Class,Mr,F,41.0,Forward,Starboard,False,1
737,0,3,"Ford, Mrs. Edward (Margaret Ann Watson)",Female,48.0,1,3,W./C. 6608,34.375,,Southampton,Third Class,Mrs,G,2.0,Forward,Port,False,5
738,1,1,"Lesurer, Mr. Gustave J",Male,35.0,0,0,PC 17755,512.3292,B101,Cherbourg,First Class,Mr,B,101.0,Aft,Starboard,True,1
739,0,3,"Ivanoff, Mr. Kanio",Male,22.0,0,0,349201,7.8958,,Southampton,Third Class,Mr,F,34.0,Forward,Port,False,1
740,0,3,"Nankoff, Mr. Minko",Male,60.0,0,0,349218,7.8958,,Southampton,Third Class,Mr,F,11.0,Forward,Starboard,False,1
741,1,1,"Hawksford, Mr. Walter James",Male,40.0,0,0,16988,30.0,D45,Southampton,First Class,Mr,D,45.0,Forward,Starboard,False,1
742,0,1,"Cavendish, Mr. Tyrell William",Male,36.0,1,0,19877,78.85,C46,Southampton,First Class,Mr,C,46.0,Forward,Port,False,2
743,1,1,"Ryerson, Miss. Susan Parker ""Suzette""",Female,21.0,2,2,PC 17608,262.375,B57 B59 B63 B66,Cherbourg,First Class,Miss,B,57.0,Aft,Starboard,True,5
744,0,3,"McNamee, Mr. Neal",Male,24.0,1,0,376566,16.1,,Southampton,Third Class,Mr,E,82.0,Aft,Port,False,2
745,1,3,"Stranden, Mr. Juho",Male,31.0,0,0,STON/O 2. 3101288,7.925,,Southampton,Third Class,Mr,G,33.0,Forward,Starboard,False,1
746,0,1,"Crosby, Capt. Edward Gifford",Male,70.0,1,1,WE/P 5735,71.0,B22,Southampton,First Class,Capt,B,22.0,Forward,Port,True,3
747,0,3,"Abbott, Mr. Rossmore Edward",Male,16.0,1,1,C.A. 2673,20.25,,Southampton,Third Class,Mr,E,85.0,Aft,Starboard,False,3
748,1,2,"Sinkkonen, Miss. Anna",Female,30.0,0,0,250648,13.0,,Southampton,Second Class,Miss,E,7.0,Forward,Starboard,False,1
749,0,1,"Marvin, Mr. Daniel Warner",Male,19.0,1,0,113773,53.1,D30,Southampton,First Class,Mr,D,30.0,Forward,Port,False,2
750,0,3,"Connaghton, Mr. Michael",Male,31.0,0,0,335097,7.75,,Queenstown,Third Class,Mr,F,79.0,Aft,Starboard,False,1
751,1,2,"Wells, Miss. Joan",Female,4.0,1,1,29103,23.0,,Southampton,Second Class,Miss,E,174.0,Aft,Port,False,3
752,1,3,"Moor, Master. Meier",Male,6.0,0,1,392096,12.475,E121,Southampton,Third Class,Master,E,121.0,Aft,Starboard,False,2
753,0,3,"Vande Velde, Mr. Johannes Joseph",Male,33.0,0,0,345780,9.5,,Southampton,Third Class,Mr,F,34.0,Forward,Port,False,1
754,0,3,"Jonkoff, Mr. Lalio",Male,23.0,0,0,349204,7.8958,,Southampton,Third Class,Mr,E,76.0,Aft,Port,False,1
755,1,2,"Herman, Mrs. Samuel (Jane Laver)",Female,48.0,1,2,220845,65.0,,Southampton,Second Class,Mrs,D,114.0,Aft,Port,False,4
756,1,2,"Hamalainen, Master. Viljo",Male,0.67,1,1,250649,14.5,,Southampton,Second Class,Master,F,70.0,Aft,Port,False,3
757,0,3,"Carlsson, Mr. August Sigfrid",Male,28.0,0,0,350042,7.7958,,Southampton,Third Class,Mr,G,48.0,Forward,Port,False,1
758,0,2,"Bailey, Mr. Percy Andrew",Male,18.0,0,0,29108,11.5,,Southampton,Second Class,Mr,F,20.0,Forward,Port,False,1
759,0,3,"Theobald, Mr. Thomas Leonard",Male,34.0,0,0,363294,8.05,,Southampton,Third Class,Mr,F,87.0,Aft,Starboard,False,1
760,1,1,"Rothes, the Countess. of (Lucy Noel Martha Dyer-Edwards)",Female,33.0,0,0,110152,86.5,B77,Southampton,First Class,the Countess,B,77.0,Aft,Starboard,True,1
761,0,3,"Garfirth, Mr. John",Male,44.0,0,0,358585,14.5,,Southampton,Third Class,Mr,E,126.0,Aft,Port,False,1
762,0,3,"Nirva, Mr. Iisakki Antino Aijo",Male,41.0,0,0,SOTON/O2 3101272,7.125,,Southampton,Third Class,Mr,F,61.0,Aft,Starboard,False,1
763,1,3,"Barah, Mr. Hanna Assi",Male,20.0,0,0,2663,7.2292,,Cherbourg,Third Class,Mr,G,39.0,Forward,Starboard,False,1
764,1,1,"Carter, Mrs. William Ernest (Lucile Polk)",Female,36.0,1,2,113760,120.0,B96 B98,Southampton,First Class,Mrs,B,96.0,Aft,Port,True,4
765,0,3,"Eklund, Mr. Hans Linus",Male,16.0,0,0,347074,7.775,,Southampton,Third Class,Mr,G,22.0,Forward,Port,False,1
766,1,1,"Hogeboom, Mrs. John C (Anna Andrews)",Female,51.0,1,0,13502,77.9583,D11,Southampton,First Class,Mrs,D,11.0,Forward,Starboard,False,2
767,0,1,"Brewe, Dr. Arthur Jackson",Male,28.0,0,0,112379,39.6,,Cherbourg,First Class,Dr,A,12.0,Forward,Port,True,1
768,0,3,"Mangan, Miss. Mary",Female,30.5,0,0,364850,7.75,,Queenstown,Third Class,Miss,E,5.0,Forward,Starboard,False,1
769,0,3,"Moran, Mr. Daniel J",Male,33.0,1,0,371110,24.15,,Queenstown,Third Class,Mr,F,86.0,Aft,Port,False,2
770,0,3,"Gronnestad, Mr. Daniel Danielsen",Male,32.0,0,0,8471,8.3625,,Southampton,Third Class,Mr,G,59.0,Aft,Starboard,False,1
771,0,3,"Lievens, Mr. Rene Aime",Male,24.0,0,0,345781,9.5,,Southampton,Third Class,Mr,G,22.0,Forward,Port,False,1
772,0,3,"Jensen, Mr. Niels Peder",Male,48.0,0,0,350047,7.8542,,Southampton,Third Class,Mr,F,1.0,Forward,Starboard,False,1
773,0,2,"Mack, Mrs. (Mary)",Female,57.0,0,0,S.O./P.P. 3,10.5,E77,Southampton,Second Class,Mrs,E,77.0,Aft,Starboard,False,1
774,0,3,"Elias, Mr. Dibo",Male,46.0,0,0,2674,7.225,,Cherbourg,Third Class,Mr,F,20.0,Forward,Port,False,1
775,1,2,"Hocking, Mrs. Elizabeth (Eliza Needs)",Female,54.0,1,3,29105,23.0,,Southampton,Second Class,Mrs,E,69.0,Aft,Starboard,False,5
776,0,3,"Myhrman, Mr. Pehr Fabian Oliver Malkolm",Male,18.0,0,0,347078,7.75,,Southampton,Third Class,Mr,F,72.0,Aft,Port,False,1
777,0,3,"Tobin, Mr. Roger",Male,37.0,0,0,383121,7.75,F38,Queenstown,Third Class,Mr,F,38.0,Forward,Port,False,1
778,1,3,"Emanuel, Miss. Virginia Ethel",Female,5.0,0,0,364516,12.475,,Southampton,Third Class,Miss,G,20.0,Forward,Port,False,1
779,0,3,"Kilgannon, Mr. Thomas J",Male,50.0,0,0,36865,7.7375,,Queenstown,Third Class,Mr,G,46.0,Forward,Port,False,1
780,1,1,"Robert, Mrs. Edward Scott (Elisabeth Walton McMillan)",Female,43.0,0,1,24160,211.3375,B3,Southampton,First Class,Mrs,B,3.0,Forward,Starboard,True,2
781,1,3,"Ayoub, Miss. Banoura",Female,13.0,0,0,2687,7.2292,,Cherbourg,Third Class,Miss,F,70.0,Aft,Port,False,1
782,1,1,"Dick, Mrs. Albert Adrian (Vera Gillespie)",Female,17.0,1,0,17474,57.0,B20,Southampton,First Class,Mrs,B,20.0,Forward,Port,True,2
783,0,1,"Long, Mr. Milton Clyde",Male,29.0,0,0,113501,30.0,D6,Southampton,First Class,Mr,D,6.0,Forward,Port,False,1
784,0,3,"Johnston, Mr. Andrew G",Male,39.0,1,2,W./C. 6607,23.45,,Southampton,Third Class,Mr,F,28.0,Forward,Port,False,4
785,0,3,"Ali, Mr. William",Male,25.0,0,0,SOTON/O.Q. 3101312,7.05,,Southampton,Third Class,Mr,G,27.0,Forward,Starboard,False,1
786,0,3,"Harmer, Mr. Abraham (David Lishin)",Male,25.0,0,0,374887,7.25,,Southampton,Third Class,Mr,G,14.0,Forward,Port,False,1
787,1,3,"Sjoblom, Miss. Anna Sofia",Female,18.0,0,0,3101265,7.4958,,Southampton,Third Class,Miss,E,177.0,Aft,Starboard,False,1
788,0,3,"Rice, Master. George Hugh",Male,8.0,4,1,382652,29.125,,Queenstown,Third Class,Master,E,59.0,Aft,Starboard,False,6
789,1,3,"Dean, Master. Bertram Vere",Male,1.0,1,2,C.A. 2315,20.575,,Southampton,Third Class,Master,G,56.0,Aft,Port,False,4
790,0,1,"Guggenheim, Mr. Benjamin",Male,46.0,0,0,PC 17593,79.2,B82 B84,Cherbourg,First Class,Mr,B,82.0,Aft,Port,True,1
791,0,3,"Keane, Mr. Andrew ""Andy""",Male,57.0,0,0,12460,7.75,,Queenstown,Third Class,Mr,E,176.0,Aft,Port,False,1
792,0,2,"Gaskell, Mr. Alfred",Male,16.0,0,0,239865,26.0,,Southampton,Second Class,Mr,E,138.0,Aft,Port,False,1
793,0,3,"Sage, Miss. Stella Anna",Female,23.0,8,2,CA. 2343,69.55,,Southampton,Third Class,Miss,E,96.0,Aft,Port,False,11
794,0,1,"Hoyt, Mr. William Fisher",Male,31.0,0,0,PC 17600,30.6958,,Cherbourg,First Class,Mr,A,5.0,Forward,Starboard,True,1
795,0,3,"Dantcheff, Mr. Ristiu",Male,25.0,0,0,349203,7.8958,,Southampton,Third Class,Mr,F,95.0,Aft,Starboard,False,1
796,0,2,"Otter, Mr. Richard",Male,39.0,0,0,28213,13.0,,Southampton,Second Class,Mr,F,20.0,Forward,Port,False,1
797,1,1,"Leader, Dr. Alice (Farnham)",Female,49.0,0,0,17465,25.9292,D17,Southampton,First Class,Dr,D,17.0,Forward,Starboard,False,1
798,1,3,"Osman, Mrs. Mara",Female,31.0,0,0,349244,8.6833,,Southampton,Third Class,Mrs,G,5.0,Forward,Starboard,False,1
799,0,3,"Ibrahim Shawah, Mr. Yousseff",Male,30.0,0,0,2685,7.2292,,Cherbourg,Third Class,Mr,E,16.0,Forward,Port,False,1
800,0,3,"Van Impe, Mrs. Jean Baptiste (Rosalie Paula Govaert)",Female,30.0,1,1,345773,24.15,,Southampton,Third Class,Mrs,F,27.0,Forward,Starboard,False,3
801,0,2,"Ponesell, Mr. Martin",Male,34.0,0,0,250647,13.0,,Southampton,Second Class,Mr,E,199.0,Aft,Starboard,False,1
802,1,2,"Collyer, Mrs. Harvey (Charlotte Annie Tate)",Female,31.0,1,1,C.A. 31921,26.25,,Southampton,Second Class,Mrs,D,186.0,Aft,Port,False,3
803,1,1,"Carter, Master. William Thornton II",Male,11.0,1,2,113760,120.0,B96 B98,Southampton,First Class,Master,B,96.0,Aft,Port,True,4
804,1,3,"Thomas, Master. Assad Alexander",Male,0.42,0,1,2625,8.5167,,Cherbourg,Third Class,Master,G,42.0,Forward,Port,False,2
805,1,3,"Hedman, Mr. Oskar Arvid",Male,27.0,0,0,347089,6.975,,Southampton,Third Class,Mr,F,77.0,Aft,Starboard,False,1
806,0,3,"Johansson, Mr. Karl Johan",Male,31.0,0,0,347063,7.775,,Southampton,Third Class,Mr,F,35.0,Forward,Starboard,False,1
807,0,1,"Andrews, Mr. Thomas Jr",Male,39.0,0,0,112050,0.0,A36,Southampton,First Class,Mr,A,36.0,Forward,Port,True,1
808,0,3,"Pettersson, Miss. Ellen Natalia",Female,18.0,0,0,347087,7.775,,Southampton,Third Class,Miss,E,35.0,Forward,Starboard,False,1
809,0,2,"Meyer, Mr. August",Male,39.0,0,0,248723,13.0,,Southampton,Second Class,Mr,D,157.0,Aft,Starboard,False,1
810,1,1,"Chambers, Mrs. Norman Campbell (Bertha Griggs)",Female,33.0,1,0,113806,53.1,E8,Southampton,First Class,Mrs,E,8.0,Forward,Port,False,2
811,0,3,"Alexander, Mr. William",Male,26.0,0,0,3474,7.8875,,Southampton,Third Class,Mr,G,34.0,Forward,Port,False,1
812,0,3,"Lester, Mr. James",Male,39.0,0,0,A/4 48871,24.15,,Southampton,Third Class,Mr,F,7.0,Forward,Starboard,False,1
813,0,2,"Slemen, Mr. Richard James",Male,35.0,0,0,28206,10.5,,Southampton,Second Class,Mr,D,7.0,Forward,Starboard,False,1
814,0,3,"Andersson, Miss. Ebba Iris Alfrida",Female,6.0,4,2,347082,31.275,,Southampton,Third Class,Miss,G,15.0,Forward,Starboard,False,7
815,0,3,"Tomlin, Mr. Ernest Portage",Male,30.5,0,0,364499,8.05,,Southampton,Third Class,Mr,G,53.0,Aft,Starboard,False,1
816,0,1,"Fry, Mr. Richard",Male,20.0,0,0,112058,0.0,B102,Southampton,First Class,Mr,B,102.0,Aft,Port,True,1
817,0,3,"Heininen, Miss. Wendla Maria",Female,23.0,0,0,STON/O2. 3101290,7.925,,Southampton,Third Class,Miss,G,15.0,Forward,Starboard,False,1
818,0,2,"Mallet, Mr. Albert",Male,31.0,1,1,S.C./PARIS 2079,37.0042,,Cherbourg,Second Class,Mr,E,19.0,Forward,Starboard,False,3
819,0,3,"Holm, Mr. John Fredrik Alexander",Male,43.0,0,0,C 7075,6.45,,Southampton,Third Class,Mr,G,27.0,Forward,Starboard,False,1
820,0,3,"Skoog, Master. Karl Thorsten",Male,10.0,3,2,347088,27.9,,Southampton,Third Class,Master,E,141.0,Aft,Starboard,False,6
821,1,1,"Hays, Mrs. Charles Melville (Clara Jennings Gregg)",Female,52.0,1,1,12749,93.5,B69,Southampton,First Class,Mrs,B,69.0,Aft,Starboard,True,3
822,1,3,"Lulic, Mr. Nikola",Male,27.0,0,0,315098,8.6625,,Southampton,Third Class,Mr,G,23.0,Forward,Starboard,False,1
823,0,1,"Reuchlin, Jonkheer. John George",Male,38.0,0,0,19972,0.0,,Southampton,First Class,Jonkheer,E,136.0,Aft,Port,False,1
824,1,3,"Moor, Mrs. (Beila)",Female,27.0,0,1,392096,12.475,E121,Southampton,Third Class,Mrs,E,121.0,Aft,Starboard,False,2
825,0,3,"Panula, Master. Urho Abraham",Male,2.0,4,1,3101295,39.6875,,Southampton,Third Class,Master,G,20.0,Forward,Port,False,6
826,0,3,"Flynn, Mr. John",Male,54.0,0,0,368323,6.95,,Queenstown,Third Class,Mr,E,148.0,Aft,Port,False,1
827,0,3,"Lam, Mr. Len",Male,52.0,0,0,1601,56.4958,,Southampton,Third Class,Mr,G,7.0,Forward,Starboard,False,1
828,1,2,"Mallet, Master. Andre",Male,1.0,0,2,S.C./PARIS 2079,37.0042,,Cherbourg,Second Class,Master,F,64.0,Aft,Port,False,3
829,1,3,"McCormack, Mr. Thomas Joseph",Male,56.0,0,0,367228,7.75,,Queenstown,Third Class,Mr,G,55.0,Aft,Starboard,False,1
830,1,1,"Stone, Mrs. George Nelson (Martha Evelyn)",Female,62.0,0,0,113572,80.0,B28,Southampton,First Class,Mrs,B,28.0,Forward,Port,True,1
831,1,3,"Yasbeck, Mrs. Antoni (Selini Alexander)",Female,15.0,1,0,2659,14.4542,,Cherbourg,Third Class,Mrs,F,39.0,Forward,Starboard,False,2
832,1,2,"Richards, Master. George Sibley",Male,0.83,1,1,29106,18.75,,Southampton,Second Class,Master,D,142.0,Aft,Port,False,3
833,0,3,"Saad, Mr. Amin",Male,18.0,0,0,2671,7.2292,,Cherbourg,Third Class,Mr,G,14.0,Forward,Port,False,1
834,0,3,"Augustsson, Mr. Albert",Male,23.0,0,0,347468,7.8542,,Southampton,Third Class,Mr,G,47.0,Forward,Starboard,False,1
835,0,3,"Allum, Mr. Owen George",Male,18.0,0,0,2223,8.3,,Southampton,Third Class,Mr,F,3.0,Forward,Starboard,False,1
836,1,1,"Compton, Miss. Sara Rebecca",Female,39.0,1,1,PC 17756,83.1583,E49,Cherbourg,First Class,Miss,E,49.0,Forward,Starboard,False,3
837,0,3,"Pasic, Mr. Jakob",Male,21.0,0,0,315097,8.6625,,Southampton,Third Class,Mr,G,57.0,Aft,Starboard,False,1
838,0,3,"Sirota, Mr. Maurice",Male,43.0,0,0,392092,8.05,,Southampton,Third Class,Mr,E,139.0,Aft,Starboard,False,1
839,1,3,"Chip, Mr. Chang",Male,32.0,0,0,1601,56.4958,,Southampton,Third Class,Mr,F,17.0,Forward,Starboard,False,1
840,1,1,"Marechal, Mr. Pierre",Male,47.0,0,0,11774,29.7,C47,Cherbourg,First Class,Mr,C,47.0,Forward,Starboard,False,1
841,0,3,"Alhomaki, Mr. Ilmari Rudolf",Male,20.0,0,0,SOTON/O2 3101287,7.925,,Southampton,Third Class,Mr,G,40.0,Forward,Port,False,1
842,0,2,"Mudd, Mr. Thomas Charles",Male,16.0,0,0,S.O./P.P. 3,10.5,,Southampton,Second Class,Mr,E,172.0,Aft,Port,False,1
843,1,1,"Serepeca, Miss. Augusta",Female,30.0,0,0,113798,31.0,,Cherbourg,First Class,Miss,C,83.0,Aft,Starboard,False,1
844,0,3,"Lemberopolous, Mr. Peter L",Male,34.5,0,0,2683,6.4375,,Cherbourg,Third Class,Mr,F,12.0,Forward,Port,False,1
845,0,3,"Culumovic, Mr. Jeso",Male,17.0,0,0,315090,8.6625,,Southampton,Third Class,Mr,G,38.0,Forward,Port,False,1
846,0,3,"Abbing, Mr. Anthony",Male,42.0,0,0,C.A. 5547,7.55,,Southampton,Third Class,Mr,E,182.0,Aft,Port,False,1
847,0,3,"Sage, Mr. Douglas Bullen",Male,57.0,8,2,CA. 2343,69.55,,Southampton,Third Class,Mr,G,15.0,Forward,Starboard,False,11
848,0,3,"Markoff, Mr. Marin",Male,35.0,0,0,349213,7.8958,,Cherbourg,Third Class,Mr,F,81.0,Aft,Starboard,False,1
849,0,2,"Harper, Rev. John",Male,28.0,0,1,248727,33.0,,Southampton,Second Class,Rev,E,154.0,Aft,Port,False,2
850,1,1,"Goldenberg, Mrs. Samuel L (Edwiga Grabowska)",Female,21.0,1,0,17453,89.1042,C92,Cherbourg,First Class,Mrs,C,92.0,Aft,Port,False,2
851,0,3,"Andersson, Master. Sigvard Harald Elias",Male,4.0,4,2,347082,31.275,,Southampton,Third Class,Master,E,67.0,Aft,Starboard,False,7
852,0,3,"Svensson, Mr. Johan",Male,74.0,0,0,347060,7.775,,Southampton,Third Class,Mr,E,33.0,Forward,Starboard,False,1
853,0,3,"Boulos, Miss. Nourelain",Female,9.0,1,1,2678,15.2458,,Cherbourg,Third Class,Miss,E,149.0,Aft,Starboard,False,3
854,1,1,"Lines, Miss. Mary Conover",Female,16.0,0,1,PC 17592,39.4,D28,Southampton,First Class,Miss,D,28.0,Forward,Port,False,2
855,0,2,"Carter, Mrs. Ernest Courtenay (Lilian Hughes)",Female,44.0,1,0,244252,26.0,,Southampton,Second Class,Mrs,F,84.0,Aft,Port,False,2
856,1,3,"Aks, Mrs. Sam (Leah Rosen)",Female,18.0,0,1,392091,9.35,,Southampton,Third Class,Mrs,G,55.0,Aft,Starboard,False,2
857,1,1,"Wick, Mrs. George Dennick (Mary Hitchcock)",Female,45.0,1,1,36928,164.8667,,Southampton,First Class,Mrs,D,195.0,Aft,Starboard,False,3
858,1,1,"Daly, Mr. Peter Denis ",Male,51.0,0,0,113055,26.55,E17,Southampton,First Class,Mr,E,17.0,Forward,Starboard,False,1
859,1,3,"Baclini, Mrs. Solomon (Latifa Qurban)",Female,24.0,0,3,2666,19.2583,,Cherbourg,Third Class,Mrs,E,125.0,Aft,Starboard,False,4
860,0,3,"Razi, Mr. Raihed",Male,18.0,0,0,2629,7.2292,,Cherbourg,Third Class,Mr,E,154.0,Aft,Port,False,1
861,0,3,"Hansen, Mr. Claus Peter",Male,41.0,2,0,350026,14.1083,,Southampton,Third Class,Mr,F,90.0,Aft,Port,False,3
862,0,2,"Giles, Mr. Frederick Edward",Male,21.0,1,0,28134,11.5,,Southampton,Second Class,Mr,F,56.0,Aft,Port,False,2
863,1,1,"Swift, Mrs. Frederick Joel (Margaret Welles Barron)",Female,48.0,0,0,17466,25.9292,D17,Southampton,First Class,Mrs,D,17.0,Forward,Starboard,False,1
864,0,3,"Sage, Miss. Dorothy Edith ""Dolly""",Female,16.0,8,2,CA. 2343,69.55,,Southampton,Third Class,Miss,G,35.0,Forward,Starboard,False,11
865,0,2,"Gill, Mr. John William",Male,24.0,0,0,233866,13.0,,Southampton,Second Class,Mr,F,86.0,Aft,Port,False,1
866,1,2,"Bystrom, Mrs. (Karolina)",Female,42.0,0,0,236852,13.0,,Southampton,Second Class,Mrs,F,31.0,Forward,Starboard,False,1
867,1,2,"Duran y More, Miss. Asuncion",Female,27.0,1,0,SC/PARIS 2149,13.8583,,Cherbourg,Second Class,Miss,D,22.0,Forward,Port,False,2
868,0,1,"Roebling, Mr. Washington Augustus II",Male,31.0,0,0,PC 17590,50.4958,A24,Southampton,First Class,Mr,A,24.0,Forward,Port,True,1
869,0,3,"van Melkebeke, Mr. Philemon",Male,33.0,0,0,345777,9.5,,Southampton,Third Class,Mr,G,40.0,Forward,Port,False,1
870,1,3,"Johnson, Master. Harold Theodor",Male,4.0,1,1,347742,11.1333,,Southampton,Third Class,Master,G,30.0,Forward,Port,False,3
871,0,3,"Balkic, Mr. Cerin",Male,26.0,0,0,349248,7.8958,,Southampton,Third Class,Mr,G,47.0,Forward,Starboard,False,1
872,1,1,"Beckwith, Mrs. Richard Leonard (Sallie Monypeny)",Female,47.0,1,1,11751,52.5542,D35,Southampton,First Class,Mrs,D,35.0,Forward,Starboard,False,3
873,0,1,"Carlsson, Mr. Frans Olof",Male,33.0,0,0,695,5.0,B51 B53 B55,Southampton,First Class,Mr,B,51.0,Aft,Starboard,True,1
874,0,3,"Vander Cruyssen, Mr. Victor",Male,47.0,0,0,345765,9.0,,Southampton,Third Class,Mr,G,16.0,Forward,Port,False,1
875,1,2,"Abelson, Mrs. Samuel (Hannah Wizosky)",Female,28.0,1,0,P/PP 3381,24.0,,Cherbourg,Second Class,Mrs,D,118.0,Aft,Port,False,2
876,1,3,"Najib, Miss. Adele Kiamie ""Jane""",Female,15.0,0,0,2667,7.225,,Cherbourg,Third Class,Miss,G,14.0,Forward,Port,False,1
877,0,3,"Gustafsson, Mr. Alfred Ossian",Male,20.0,0,0,7534,9.8458,,Southampton,Third Class,Mr,F,87.0,Aft,Starboard,False,1
878,0,3,"Petroff, Mr. Nedelio",Male,19.0,0,0,349212,7.8958,,Southampton,Third Class,Mr,G,60.0,Aft,Port,False,1
879,0,3,"Laleff, Mr. Kristo",Male,44.0,0,0,349217,7.8958,,Southampton,Third Class,Mr,G,30.0,Forward,Port,False,1
880,1,1,"Potter, Mrs. Thomas Jr (Lily Alexenia Wilson)",Female,56.0,0,1,11767,83.1583,C50,Cherbourg,First Class,Mrs,C,50.0,Aft,Port,False,2
881,1,2,"Shelley, Mrs. William (Imanita Parrish Hall)",Female,25.0,0,1,230433,26.0,,Southampton,Second Class,Mrs,E,39.0,Forward,Starboard,False,2
882,0,3,"Markun, Mr. Johann",Male,33.0,0,0,349257,7.8958,,Southampton,Third Class,Mr,G,11.0,Forward,Starboard,False,1
883,0,3,"Dahlberg, Miss. Gerda Ulrika",Female,22.0,0,0,7552,10.5167,,Southampton,Third Class,Miss,E,59.0,Aft,Starboard,False,1
884,0,2,"Banfield, Mr. Frederick James",Male,28.0,0,0,C.A./SOTON 34068,10.5,,Southampton,Second Class,Mr,D,143.0,Aft,Starboard,False,1
885,0,3,"Sutehall, Mr. Henry Jr",Male,25.0,0,0,SOTON/OQ 392076,7.05,,Southampton,Third Class,Mr,F,70.0,Aft,Port,False,1
886,0,3,"Rice, Mrs. William (Margaret Norton)",Female,39.0,0,5,382652,29.125,,Queenstown,Third Class,Mrs,E,41.0,Forward,Starboard,False,6
887,0,2,"Montvila, Rev. Juozas",Male,27.0,0,0,211536,13.0,,Southampton,Second Class,Rev,E,114.0,Aft,Port,False,1
888,1,1,"Graham, Miss. Margaret Edith",Female,19.0,0,0,112053,30.0,B42,Southampton,First Class,Miss,B,42.0,Forward,Port,True,1
889,0,3,"Johnston, Miss. Catherine Helen ""Carrie""",Female,18.0,1,2,W./C. 6607,23.45,,Southampton,Third Class,Miss,G,42.0,Forward,Port,False,4
890,1,1,"Behr, Mr. Karl Howell",Male,26.0,0,0,111369,30.0,C148,Cherbourg,First Class,Mr,C,148.0,Aft,Port,False,1
891,0,3,"Dooley, Mr. Patrick",Male,32.0,0,0,370376,7.75,,Queenstown,Third Class,Mr,E,2.0,Forward,Port,False,1
